,Pickup_Date,Number of Trips,Number of Vehicles
0,2005-01-01,26,17
1,2005-01-02,45,24
2,2005-01-03,731,36
3,2005-01-04,10,9
4,2005-01-05,814,62
5,2005-01-06,220,46
6,2005-01-07,36,28
7,2005-01-08,1137,106
8,2005-01-09,236,103
9,2005-01-10,47,29
10,2005-01-11,1792,119
11,2005-01-12,23,13
12,2005-01-13,83,20
13,2005-01-14,1846,86
14,2005-01-15,57,39
15,2005-01-16,9,8
16,2005-01-17,4,2
17,2005-01-18,81,37
18,2005-01-19,1765,579
19,2005-01-20,766,65
20,2005-01-21,445,46
21,2005-01-22,704,69
22,2005-01-23,741,65
23,2005-01-24,87,58
24,2005-01-25,485,49
25,2005-01-26,23,12
26,2005-01-27,581,43
27,2005-01-28,996,95
28,2005-01-29,633,78
29,2005-01-30,390,49
30,2005-01-31,10,10
31,2005-02-01,1234,120
32,2005-02-02,1035,97
33,2005-02-03,543,78
34,2005-02-04,13,8
35,2005-02-05,1841,136
36,2005-02-06,61,12
37,2005-02-07,380,49
38,2005-02-08,1195,92
39,2005-02-09,20,1
40,2005-02-10,27,23
41,2005-02-11,341,41
42,2005-02-12,169,51
43,2005-02-13,20,8
44,2005-02-14,25,16
45,2005-02-15,15,6
46,2005-02-16,3,3
47,2005-02-17,1263,67
48,2005-02-18,53,32
49,2005-02-19,14,4
50,2005-02-20,28,23
51,2005-02-21,8,3
52,2005-02-22,1,1
53,2005-02-23,1,1
54,2005-02-24,54,1
55,2005-02-25,1778,84
56,2005-02-26,78,43
57,2005-02-27,79,42
58,2005-02-28,110,62
59,2005-03-01,1136,46
60,2005-03-02,26,22
61,2005-03-03,830,82
62,2005-03-04,354,72
63,2005-03-05,78,51
64,2005-03-06,1008,129
65,2005-03-07,320,162
66,2005-03-08,91,43
67,2005-03-09,1697,152
68,2005-03-10,78,41
69,2005-03-11,179,46
70,2005-03-12,1180,112
71,2005-03-13,136,73
72,2005-03-14,14,11
73,2005-03-15,5,3
74,2005-03-16,121,58
75,2005-03-17,1867,651
76,2005-03-18,594,76
77,2005-03-19,643,58
78,2005-03-20,674,84
79,2005-03-21,830,98
80,2005-03-22,142,88
81,2005-03-23,451,61
82,2005-03-24,76,32
83,2005-03-25,1117,71
84,2005-03-26,1341,140
85,2005-03-27,705,108
86,2005-03-28,506,96
87,2005-03-29,8,8
88,2005-03-30,1592,143
89,2005-03-31,1062,138
90,2005-04-01,684,106
91,2005-04-02,52,23
92,2005-04-03,2170,183
93,2005-04-04,66,14
94,2005-04-05,411,56
95,2005-04-06,677,131
96,2005-04-07,11, -   
97,2005-04-08,76,43
98,2005-04-09,726,88
99,2005-04-10,1,1
100,2005-04-11,448,85
101,2005-04-12,22,9
102,2005-04-13,41,33
103,2005-04-14,11,7
104,2005-04-15,7,7
105,2005-04-16,806,87
106,2005-04-17,123,56
107,2005-04-18,8,4
108,2005-04-19,12,12
109,2005-04-20,38,29
110,2005-04-21,15,7
111,2005-04-22,6,3
112,2005-04-23,7,5
113,2005-04-24,49,1
114,2005-04-25,1122,111
115,2005-04-26,114,53
116,2005-04-27,62,34
117,2005-04-28,126,62
118,2005-04-29,1127,43
119,2005-04-30,21,18
120,2005-05-01,1053,82
121,2005-05-02,345,64
122,2005-05-03,75,48
123,2005-05-04,964,125
124,2005-05-05,267,114
125,2005-05-06,103,43
126,2005-05-07,1804,151
127,2005-05-08,58,27
128,2005-05-09,135,29
129,2005-05-10,1,1
130,2005-05-11,1333,117
131,2005-05-12,93,46
132,2005-05-13,9,7
133,2005-05-14,6,3
134,2005-05-15,161,61
135,2005-05-16,2033,616
136,2005-05-17,718,68
137,2005-05-18,722,59
138,2005-05-19,1,1
139,2005-05-20,829,88
140,2005-05-21,846,83
141,2005-05-22,160,82
142,2005-05-23,528,56
143,2005-05-24,53,33
144,2005-05-25,1042,67
145,2005-05-26,1546,147
146,2005-05-27,853,115
147,2005-05-28,444,75
148,2005-05-29,5,5
149,2005-05-30,1584,140
150,2005-05-31,1004,137
151,2005-06-01,840,114
152,2005-06-02,32,19
153,2005-06-03,2720,192
154,2005-06-04,81,15
155,2005-06-05,387,52
156,2005-06-06,826,122
157,2005-06-07,10, -   
158,2005-06-08,75,49
159,2005-06-09,874,83
160,2005-06-10,238,69
161,2005-06-11,32,13
162,2005-06-12,42,28
163,2005-06-13,12,5
164,2005-06-14,4,4
165,2005-06-15,836,86
166,2005-06-16,82,36
167,2005-06-17,24,5
168,2005-06-18,6,6
169,2005-06-19,56,30
170,2005-06-20,13,6
171,2005-06-21,5,2
172,2005-06-22,1,1
173,2005-06-23,56,1
174,2005-06-24,1281,110
175,2005-06-25,136,51
176,2005-06-26,76,42
177,2005-06-27,108,61
178,2005-06-28,1230,39
179,2005-06-29,16,14
180,2005-06-30,733,76
181,2005-07-01,224,50
182,2005-07-02,118,61
183,2005-07-03,877,108
184,2005-07-04,310,140
185,2005-07-05,69,35
186,2005-07-06,1539,131
187,2005-07-07,71,34
188,2005-07-08,102,22
189,2005-07-09,2,2
190,2005-07-10,1082,98
191,2005-07-11,104,51
192,2005-07-12,18,12
193,2005-07-13,3,1
194,2005-07-14,206,74
195,2005-07-15,2197,653
196,2005-07-16,556,70
197,2005-07-17,578,57
198,2005-07-18,713,83
199,2005-07-19,805,84
200,2005-07-20,149,91
201,2005-07-21,447,55
202,2005-07-22,36,23
203,2005-07-23,943,64
204,2005-07-24,1374,136
205,2005-07-25,759,109
206,2005-07-26,442,79
207,2005-07-27,1382,130
208,2005-07-28,741,106
209,2005-07-29,668,108
210,2005-07-30,37,23
211,2005-07-31,2107,176
212,2005-08-01,62,12
213,2005-08-02,378,51
214,2005-08-03,688,114
215,2005-08-04,11, -   
216,2005-08-05,103,53
217,2005-08-06,767,72
218,2005-08-07,1,1
219,2005-08-08,60,30
220,2005-08-09,38,14
221,2005-08-10,48,36
222,2005-08-11,25,11
223,2005-08-12,3,3
224,2005-08-13,683,79
225,2005-08-14,103,46
226,2005-08-15,26,7
227,2005-08-16,48,28
228,2005-08-17,11,6
229,2005-08-18,3,2
230,2005-08-19,4,4
231,2005-08-20,50,1
232,2005-08-21,1069,108
233,2005-08-22,138,52
234,2005-08-23,292,99
235,2005-08-24,441,144
236,2005-08-25,1174,46
237,2005-08-26,72,50
238,2005-08-27,399,77
239,2005-08-28,524,79
240,2005-08-29,326,134
241,2005-08-30,1176,126
242,2005-08-31,942,296
243,2005-09-01,222,81
244,2005-09-02,1664,142
245,2005-09-03,220,76
246,2005-09-04,348,76
247,2005-09-05,7,4
248,2005-09-06,1112,116
249,2005-09-07,440,147
250,2005-09-08,22,17
251,2005-09-09,16,6
252,2005-09-10,313,116
253,2005-09-11,2427,761
254,2005-09-12,587,68
255,2005-09-13,595,61
256,2005-09-14,685,87
257,2005-09-15,798,97
258,2005-09-16,559,230
259,2005-09-17,397,58
260,2005-09-18,202,69
261,2005-09-19,1080,70
262,2005-09-20,1264,149
263,2005-09-21,802,113
264,2005-09-22,865,106
265,2005-09-23,11,11
266,2005-09-24,1287,141
267,2005-09-25,1194,153
268,2005-09-26,773,113
269,2005-09-27,190,63
270,2005-09-28,1985,184
271,2005-09-29,87,15
272,2005-09-30,386,50
273,2005-10-01,673,126
274,2005-10-02,8, -   
275,2005-10-03,257,105
276,2005-10-04,1200,111
277,2005-10-05,45,23
278,2005-10-06,479,94
279,2005-10-07,78,32
280,2005-10-08,147,75
281,2005-10-09,65,26
282,2005-10-10,19,13
283,2005-10-11,692,87
284,2005-10-12,213,76
285,2005-10-13,42,10
286,2005-10-14,10,10
287,2005-10-15,139,72
288,2005-10-16,16,8
289,2005-10-17,20,7
290,2005-10-18,6,5
291,2005-10-19,122,1
292,2005-10-20,1015,110
293,2005-10-21,195,60
294,2005-10-22,414,107
295,2005-10-23,593,159
296,2005-10-24,1181,50
297,2005-10-25,94,53
298,2005-10-26,420,79
299,2005-10-27,553,76
300,2005-10-28,417,141
301,2005-10-29,1082,125
302,2005-10-30,1199,288
303,2005-10-31,213,77
304,2005-11-01,1762,148
305,2005-11-02,285,82
306,2005-11-03,347,74
307,2005-11-04,7,5
308,2005-11-05,1259,112
309,2005-11-06,493,140
310,2005-11-07,29,23
311,2005-11-08,15,7
312,2005-11-09,381,141
313,2005-11-10,2246,682
314,2005-11-11,621,71
315,2005-11-12,608,61
316,2005-11-13,747,84
317,2005-11-14,773,91
318,2005-11-15,759,228
319,2005-11-16,393,56
320,2005-11-17,265,83
321,2005-11-18,955,67
322,2005-11-19,1309,146
323,2005-11-20,733,112
324,2005-11-21,930,103
325,2005-11-22,13,13
326,2005-11-23,1438,145
327,2005-11-24,1476,157
328,2005-11-25,842,107
329,2005-11-26,214,67
330,2005-11-27,2251,191
331,2005-11-28,88,16
332,2005-11-29,369,53
333,2005-11-30,708,123
334,2005-12-01,9, -   
335,2005-12-02,369,120
336,2005-12-03,1240,123
337,2005-12-04,55,25
338,2005-12-05,475,91
339,2005-12-06,104,25
340,2005-12-07,198,74
341,2005-12-08,88,27
342,2005-12-09,11,8
343,2005-12-10,743,88
344,2005-12-11,242,90
345,2005-12-12,36,8
346,2005-12-13,8,8
347,2005-12-14,201,76
348,2005-12-15,14,8
349,2005-12-16,15,4
350,2005-12-17,8,7
351,2005-12-18,151,1
352,2005-12-19,1116,105
353,2005-12-20,233,68
354,2005-12-21,412,106
355,2005-12-22,638,164
356,2005-12-23,814,44
357,2005-12-24,117,63
358,2005-12-25,447,82
359,2005-12-26,546,76
360,2005-12-27,473,152
361,2005-12-28,1097,130
362,2005-12-29,1312,304
363,2005-12-30,240,81
364,2005-12-31,1723,146
365,2006-01-01,314,84
366,2006-01-02,403,80
367,2006-01-03,5,3
368,2006-01-04,1373,114
369,2006-01-05,556,139
370,2006-01-06,38,26
371,2006-01-07,22,8
372,2006-01-08,387,146
373,2006-01-09,2136,683
374,2006-01-10,491,71
375,2006-01-11,605,60
376,2006-01-12,720,82
377,2006-01-13,849,94
378,2006-01-14,843,247
379,2006-01-15,500,63
380,2006-01-16,273,82
381,2006-01-17,1064,70
382,2006-01-18,1377,154
383,2006-01-19,810,115
384,2006-01-20,1108,103
385,2006-01-21,14,14
386,2006-01-22,1475,149
387,2006-01-23,1571,163
388,2006-01-24,905,111
389,2006-01-25,237,69
390,2006-01-26,2371,193
391,2006-01-27,98,15
392,2006-01-28,346,54
393,2006-01-29,763,131
394,2006-01-30,9, -   
395,2006-01-31,400,127
396,2006-02-01,1291,118
397,2006-02-02,52,19
398,2006-02-03,515,101
399,2006-02-04,142,35
400,2006-02-05,209,69
401,2006-02-06,77,25
402,2006-02-07,28,17
403,2006-02-08,807,86
404,2006-02-09,305,94
405,2006-02-10,28,8
406,2006-02-11,9,9
407,2006-02-12,241,86
408,2006-02-13,14,8
409,2006-02-14,23,6
410,2006-02-15,7,6
411,2006-02-16,181,1
412,2006-02-17,1165,112
413,2006-02-18,242,76
414,2006-02-19,484,111
415,2006-02-20,686,172
416,2006-02-21,918,47
417,2006-02-22,113,60
418,2006-02-23,341,84
419,2006-02-24,540,80
420,2006-02-25,555,153
421,2006-02-26,1126,130
422,2006-02-27,1496,320
423,2006-02-28,306,83
424,2006-03-01,1809,149
425,2006-03-02,332,87
426,2006-03-03,370,82
427,2006-03-04,4,2
428,2006-03-05,1246,115
429,2006-03-06,611,140
430,2006-03-07,36,26
431,2006-03-08,24,9
432,2006-03-09,466,154
433,2006-03-10,2557,711
434,2006-03-11,716,70
435,2006-03-12,639,58
436,2006-03-13,735,84
437,2006-03-14,979,107
438,2006-03-15,931,255
439,2006-03-16,534,64
440,2006-03-17,312,91
441,2006-03-18,1067,70
442,2006-03-19,1398,149
443,2006-03-20,823,113
444,2006-03-21,1125,106
445,2006-03-22,26,25
446,2006-03-23,1535,147
447,2006-03-24,1680,159
448,2006-03-25,942,110
449,2006-03-26,252,71
450,2006-03-27,2517,204
451,2006-03-28,108,16
452,2006-03-29,421,57
453,2006-03-30,900,138
454,2006-03-31,7, -   
455,2006-04-01,383,127
456,2006-04-02,1247,118
457,2006-04-03,52,23
458,2006-04-04,491,94
459,2006-04-05,112,36
460,2006-04-06,259,83
461,2006-04-07,108,30
462,2006-04-08,21,14
463,2006-04-09,825,89
464,2006-04-10,310,106
465,2006-04-11,46,11
466,2006-04-12,6,6
467,2006-04-13,263,93
468,2006-04-14,16,7
469,2006-04-15,22,7
470,2006-04-16,5,5
471,2006-04-17,196,1
472,2006-04-18,1180,111
473,2006-04-19,302,86
474,2006-04-20,326,93
475,2006-04-21,510,158
476,2006-04-22,1159,49
477,2006-04-23,95,52
478,2006-04-24,460,80
479,2006-04-25,534,81
480,2006-04-26,466,144
481,2006-04-27,932,116
482,2006-04-28,1316,279
483,2006-04-29,271,79
484,2006-04-30,1953,150
485,2006-05-01,241,72
486,2006-05-02,317,73
487,2006-05-03,1588,116
488,2006-05-04,432,135
489,2006-05-05,36,22
490,2006-05-06,21,8
491,2006-05-07,324,124
492,2006-05-08,2234,693
493,2006-05-09,869,69
494,2006-05-10,688,61
495,2006-05-11,753,84
496,2006-05-12,935,106
497,2006-05-13,691,222
498,2006-05-14,497,66
499,2006-05-15,231,76
500,2006-05-16,1001,66
501,2006-05-17,1471,161
502,2006-05-18,831,121
503,2006-05-19,636,102
504,2006-05-20,62,45
505,2006-05-21,1508,144
506,2006-05-22,1730,156
507,2006-05-23,887,108
508,2006-05-24,164,54
509,2006-05-25,2771,204
510,2006-05-26,113,15
511,2006-05-27,380,56
512,2006-05-28,916,135
513,2006-05-29,11, -   
514,2006-05-30,294,104
515,2006-05-31,1016,116
516,2006-06-01,28,18
517,2006-06-02,464,87
518,2006-06-03,132,36
519,2006-06-04,215,67
520,2006-06-05,72,27
521,2006-06-06,10,10
522,2006-06-07,1012,90
523,2006-06-08,246,83
524,2006-06-09,20,8
525,2006-06-10,15,15
526,2006-06-11,223,86
527,2006-06-12,11,5
528,2006-06-13,16,5
529,2006-06-14,7,7
530,2006-06-15,175,1
531,2006-06-16,1358,111
532,2006-06-17,246,70
533,2006-06-18,117,54
534,2006-06-19,226,90
535,2006-06-20,963,48
536,2006-06-21,49,31
537,2006-06-22,535,83
538,2006-06-23,379,73
539,2006-06-24,162,74
540,2006-06-25,984,131
541,2006-06-26,616,186
542,2006-06-27,112,52
543,2006-06-28,2016,154
544,2006-06-29,84,34
545,2006-06-30,149,39
546,2006-07-01,1323,119
547,2006-07-02,168,74
548,2006-07-03,16,13
549,2006-07-04,6,2
550,2006-07-05,172,68
551,2006-07-06,1686,582
552,2006-07-07,689,69
553,2006-07-08,620,59
554,2006-07-09,996,83
555,2006-07-10,1103,107
556,2006-07-11,214,120
557,2006-07-12,579,61
558,2006-07-13,70,32
559,2006-07-14,1089,72
560,2006-07-15,1636,154
561,2006-07-16,951,125
562,2006-07-17,440,75
563,2006-07-18,9,6
564,2006-07-19,1767,150
565,2006-07-20,1123,136
566,2006-07-21,1032,112
567,2006-07-22,51,27
568,2006-07-23,2701,196
569,2006-07-24,89,16
570,2006-07-25,2,2
571,2006-07-26,405,52
572,2006-07-27,913,140
573,2006-07-28,8, -   
574,2006-07-29,98,48
575,2006-07-30,817,82
576,2006-07-31,5,5
577,2006-08-01,273,79
578,2006-08-02,92,27
579,2006-08-03,41,26
580,2006-08-04,27,10
581,2006-08-05,6,6
582,2006-08-06,1017,89
583,2006-08-07,108,44
584,2006-08-08,28,8
585,2006-08-09,4,4
586,2006-08-10,47,25
587,2006-08-11,19,7
588,2006-08-12,9,4
589,2006-08-13,1,1
590,2006-08-14,94,1
591,2006-08-15,1354,111
592,2006-08-16,135,53
593,2006-08-17,144,59
594,2006-08-18,193,81
595,2006-08-19,975,42
596,2006-08-20,46,26
597,2006-08-21,443,82
598,2006-08-22,249,56
599,2006-08-23,273,103
600,2006-08-24,872,106
601,2006-08-25,467,168
602,2006-08-26,90,43
603,2006-08-27,1745,138
604,2006-08-28,93,39
605,2006-08-29,161,40
606,2006-08-30,1194,108
607,2006-08-31,156,62
608,2006-09-01,17,13
609,2006-09-02,3,1
610,2006-09-03,330,105
611,2006-09-04,1888,622
612,2006-09-05,621,74
613,2006-09-06,641,56
614,2006-09-07,786,79
615,2006-09-08,999,98
616,2006-09-09,231,113
617,2006-09-10,561,54
618,2006-09-11,76,37
619,2006-09-12,925,66
620,2006-09-13,1646,150
621,2006-09-14,875,113
622,2006-09-15,550,75
623,2006-09-16,1567,138
624,2006-09-17,849,120
625,2006-09-18,810,102
626,2006-09-19,65,30
627,2006-09-20,2501,186
628,2006-09-21,89,16
629,2006-09-22,355,49
630,2006-09-23,816,127
631,2006-09-24,9, -   
632,2006-09-25,147,63
633,2006-09-26,796,78
634,2006-09-27,2,1
635,2006-09-28,72,38
636,2006-09-29,60,18
637,2006-09-30,83,43
638,2006-10-01,32,13
639,2006-10-02,5,3
640,2006-10-03,904,85
641,2006-10-04,171,57
642,2006-10-05,20,7
643,2006-10-06,75,39
644,2006-10-07,6,4
645,2006-10-08,6,4
646,2006-10-09,5,5
647,2006-10-10,64,1
648,2006-10-11,1220,109
649,2006-10-12,146,56
650,2006-10-13,378,112
651,2006-10-14,591,164
652,2006-10-15,1177,51
653,2006-10-16,99,56
654,2006-10-17,586,84
655,2006-10-18,562,81
656,2006-10-19,508,153
657,2006-10-20,1094,130
658,2006-10-21,1195,300
659,2006-10-22,270,84
660,2006-10-23,1570,150
661,2006-10-24,289,89
662,2006-10-25,393,89
663,2006-10-26,6,3
664,2006-10-27,1161,114
665,2006-10-28,580,146
666,2006-10-29,37,24
667,2006-10-30,16,8
668,2006-10-31,513,166
669,2006-11-01,2337,710
670,2006-11-02,521,65
671,2006-11-03,542,56
672,2006-11-04,661,82
673,2006-11-05,895,105
674,2006-11-06,858,240
675,2006-11-07,466,62
676,2006-11-08,293,87
677,2006-11-09,1017,68
678,2006-11-10,1283,151
679,2006-11-11,766,124
680,2006-11-12,844,109
681,2006-11-13,24,21
682,2006-11-14,1412,145
683,2006-11-15,1447,153
684,2006-11-16,826,110
685,2006-11-17,205,72
686,2006-11-18,2152,198
687,2006-11-19,97,16
688,2006-11-20,373,52
689,2006-11-21,760,136
690,2006-11-22,7, -   
691,2006-11-23,379,130
692,2006-11-24,1181,118
693,2006-11-25,68,33
694,2006-11-26,509,93
695,2006-11-27,108,31
696,2006-11-28,224,81
697,2006-11-29,97,27
698,2006-11-30,20,15
699,2006-12-01,756,89
700,2006-12-02,271,94
701,2006-12-03,42,11
702,2006-12-04,11,11
703,2006-12-05,235,82
704,2006-12-06,17,6
705,2006-12-07,28,7
706,2006-12-08,8,7
707,2006-12-09,194,1
708,2006-12-10,1054,107
709,2006-12-11,298,84
710,2006-12-12,448,111
711,2006-12-13,663,169
712,2006-12-14,1267,52
713,2006-12-15,119,67
714,2006-12-16,722,78
715,2006-12-17,571,80
716,2006-12-18,609,165
717,2006-12-19,1049,124
718,2006-12-20,1388,313
719,2006-12-21,266,78
720,2006-12-22,1626,149
721,2006-12-23,341,91
722,2006-12-24,461,92
723,2006-12-25,4,2
724,2006-12-26,1068,111
725,2006-12-27,595,152
726,2006-12-28,46,31
727,2006-12-29,22,7
728,2006-12-30,571,172
729,2006-12-31,2141,673
730,2007-01-01,566,65
731,2007-01-02,646,62
732,2007-01-03,688,79
733,2007-01-04,840,107
734,2007-01-05,898,245
735,2007-01-06,403,63
736,2007-01-07,332,90
737,2007-01-08,1064,75
738,2007-01-09,1299,149
739,2007-01-10,765,127
740,2007-01-11,899,115
741,2007-01-12,46,40
742,2007-01-13,1470,145
743,2007-01-14,1456,161
744,2007-01-15,816,113
745,2007-01-16,240,70
746,2007-01-17,2090,195
747,2007-01-18,70,16
748,2007-01-19,374,54
749,2007-01-20,698,134
750,2007-01-21,7, -   
751,2007-01-22,516,135
752,2007-01-23,1385,123
753,2007-01-24,54,29
754,2007-01-25,478,95
755,2007-01-26,122,34
756,2007-01-27,238,84
757,2007-01-28,111,30
758,2007-01-29,12,8
759,2007-01-30,646,86
760,2007-01-31,298,101
761,2007-02-01,54,15
762,2007-02-02,5,5
763,2007-02-03,264,87
764,2007-02-04,9,5
765,2007-02-05,24,7
766,2007-02-06,9,8
767,2007-02-07,159,1
768,2007-02-08,986,107
769,2007-02-09,304,83
770,2007-02-10,501,115
771,2007-02-11,719,174
772,2007-02-12,862,49
773,2007-02-13,115,62
774,2007-02-14,748,89
775,2007-02-15,599,81
776,2007-02-16,623,174
777,2007-02-17,1068,126
778,2007-02-18,1469,319
779,2007-02-19,352,89
780,2007-02-20,1516,153
781,2007-02-21,367,89
782,2007-02-22,491,93
783,2007-02-23,3,1
784,2007-02-24,1079,114
785,2007-02-25,644,152
786,2007-02-26,51,33
787,2007-02-27,24,9
788,2007-02-28,544,174
789,2007-03-01,2265,715
790,2007-03-02,413,66
791,2007-03-03,618,62
792,2007-03-04,679,75
793,2007-03-05,803,104
794,2007-03-06,977,260
795,2007-03-07,428,61
796,2007-03-08,334,91
797,2007-03-09,1075,73
798,2007-03-10,1272,153
799,2007-03-11,761,123
800,2007-03-12,859,111
801,2007-03-13,32,21
802,2007-03-14,1517,140
803,2007-03-15,1422,154
804,2007-03-16,919,112
805,2007-03-17,279,78
806,2007-03-18,2010,198
807,2007-03-19,85,15
808,2007-03-20,371,52
809,2007-03-21,713,129
810,2007-03-22,6, -   
811,2007-03-23,440,123
812,2007-03-24,1376,127
813,2007-03-25,71,34
814,2007-03-26,571,100
815,2007-03-27,152,39
816,2007-03-28,260,83
817,2007-03-29,106,30
818,2007-03-30,20,17
819,2007-03-31,653,85
820,2007-04-01,326,99
821,2007-04-02,36,10
822,2007-04-03,16,16
823,2007-04-04,248,91
824,2007-04-05,14,8
825,2007-04-06,20,5
826,2007-04-07,8,7
827,2007-04-08,151,1
828,2007-04-09,950,111
829,2007-04-10,298,84
830,2007-04-11,495,112
831,2007-04-12,770,178
832,2007-04-13,783,46
833,2007-04-14,116,62
834,2007-04-15,790,88
835,2007-04-16,572,85
836,2007-04-17,668,178
837,2007-04-18,1012,129
838,2007-04-19,1618,324
839,2007-04-20,304,86
840,2007-04-21,1642,153
841,2007-04-22,367,89
842,2007-04-23,454,94
843,2007-04-24,4,1
844,2007-04-25,1201,107
845,2007-04-26,654,150
846,2007-04-27,41,30
847,2007-04-28,25,10
848,2007-04-29,544,165
849,2007-04-30,2739,767
850,2007-05-01,539,72
851,2007-05-02,636,62
852,2007-05-03,672,80
853,2007-05-04,799,101
854,2007-05-05,1000,265
855,2007-05-06,488,61
856,2007-05-07,349,89
857,2007-05-08,1087,75
858,2007-05-09,1218,150
859,2007-05-10,770,127
860,2007-05-11,796,112
861,2007-05-12,32,22
862,2007-05-13,1472,145
863,2007-05-14,1392,153
864,2007-05-15,905,112
865,2007-05-16,286,81
866,2007-05-17,2021,200
867,2007-05-18,79,14
868,2007-05-19,369,56
869,2007-05-20,713,140
870,2007-05-21,7, -   
871,2007-05-22,428,130
872,2007-05-23,1381,131
873,2007-05-24,74,32
874,2007-05-25,548,105
875,2007-05-26,166,38
876,2007-05-27,281,86
877,2007-05-28,115,31
878,2007-05-29,26,20
879,2007-05-30,688,83
880,2007-05-31,332,106
881,2007-06-01,40,13
882,2007-06-02,19,19
883,2007-06-03,299,92
884,2007-06-04,13,7
885,2007-06-05,26,6
886,2007-06-06,16,15
887,2007-06-07,155,1
888,2007-06-08,983,113
889,2007-06-09,301,77
890,2007-06-10,349,109
891,2007-06-11,493,158
892,2007-06-12,1452,55
893,2007-06-13,76,47
894,2007-06-14,959,87
895,2007-06-15,610,87
896,2007-06-16,495,160
897,2007-06-17,1127,131
898,2007-06-18,1047,289
899,2007-06-19,317,84
900,2007-06-20,2052,153
901,2007-06-21,241,74
902,2007-06-22,322,69
903,2007-06-23,4,1
904,2007-06-24,1507,117
905,2007-06-25,497,132
906,2007-06-26,36,26
907,2007-06-27,15,7
908,2007-06-28,435,147
909,2007-06-29,2667,759
910,2007-06-30,702,71
911,2007-07-01,764,64
912,2007-07-02,790,84
913,2007-07-03,958,100
914,2007-07-04,666,235
915,2007-07-05,521,62
916,2007-07-06,261,81
917,2007-07-07,1289,79
918,2007-07-08,1614,161
919,2007-07-09,922,131
920,2007-07-10,752,115
921,2007-07-11,52,40
922,2007-07-12,1749,152
923,2007-07-13,1650,160
924,2007-07-14,1005,123
925,2007-07-15,198,66
926,2007-07-16,2629,201
927,2007-07-17,98,15
928,2007-07-18,421,58
929,2007-07-19,951,144
930,2007-07-20,8, -   
931,2007-07-21,258,101
932,2007-07-22,1273,125
933,2007-07-23,39,25
934,2007-07-24,652,95
935,2007-07-25,120,33
936,2007-07-26,195,74
937,2007-07-27,81,29
938,2007-07-28,26,19
939,2007-07-29,857,88
940,2007-07-30,251,89
941,2007-07-31,24,7
942,2007-08-01,189,79
943,2007-08-02,4,4
944,2007-08-03,11,4
945,2007-08-04,9,7
946,2007-08-05,157,1
947,2007-08-06,1310,118
948,2007-08-07,224,76
949,2007-08-08,120,62
950,2007-08-09,145,71
951,2007-08-10,1294,45
952,2007-08-11,20,15
953,2007-08-12,1057,85
954,2007-08-13,368,72
955,2007-08-14,139,69
956,2007-08-15,982,131
957,2007-08-16,370,154
958,2007-08-17,134,60
959,2007-08-18,1919,152
960,2007-08-19,51,26
961,2007-08-20,136,35
962,2007-08-21,1,1
963,2007-08-22,1437,120
964,2007-08-23,173,69
965,2007-08-24,17,12
966,2007-08-25,2,2
967,2007-08-26,131,56
968,2007-08-27,1681,610
969,2007-08-28,659,70
970,2007-08-29,743,62
971,2007-08-30,871,84
972,2007-08-31,1021,100
973,2007-09-01,172,101
974,2007-09-02,576,60
975,2007-09-03,86,42
976,2007-09-04,1205,77
977,2007-09-05,1781,166
978,2007-09-06,937,132
979,2007-09-07,483,79
980,2007-09-08,14,11
981,2007-09-09,1793,150
982,2007-09-10,1061,131
983,2007-09-11,1048,121
984,2007-09-12,57,31
985,2007-09-13,3075,200
986,2007-09-14,77,15
987,2007-09-15,449,55
988,2007-09-16,974,145
989,2007-09-17,6, -   
990,2007-09-18,65,38
991,2007-09-19,838,80
992,2007-09-20,1,1
993,2007-09-21,277,75
994,2007-09-22,76,27
995,2007-09-23,53,29
996,2007-09-24,28,12
997,2007-09-25,5,5
998,2007-09-26,949,89
999,2007-09-27,90,40
1000,2007-09-28,28,7
1001,2007-09-29,16,16
1002,2007-09-30,41,22
1003,2007-10-01,22,8
1004,2007-10-02,1,1
1005,2007-10-03,3,3
1006,2007-10-04,72,1
1007,2007-10-05,1368,110
1008,2007-10-06,101,43
1009,2007-10-07,59,34
1010,2007-10-08,167,71
1011,2007-10-09,937,38
1012,2007-10-10,17,11
1013,2007-10-11,1098,73
1014,2007-10-12,316,55
1015,2007-10-13,130,61
1016,2007-10-14,977,102
1017,2007-10-15,317,131
1018,2007-10-16,183,66
1019,2007-10-17,1871,122
1020,2007-10-18,69,31
1021,2007-10-19,151,44
1022,2007-10-20,1405,94
1023,2007-10-21,150,57
1024,2007-10-22,18,13
1025,2007-10-23,155,61
1026,2007-10-24,1626,541
1027,2007-10-25,706,69
1028,2007-10-26,644,59
1029,2007-10-27,840,79
1030,2007-10-28,1018,85
1031,2007-10-29,158,83
1032,2007-10-30,560,52
1033,2007-10-31,49,21
1034,2007-11-01,942,72
1035,2007-11-02,1626,142
1036,2007-11-03,907,112
1037,2007-11-04,708,80
1038,2007-11-05,1424,127
1039,2007-11-06,992,109
1040,2007-11-07,1046,107
1041,2007-11-08,35,17
1042,2007-11-09,2987,185
1043,2007-11-10,99,13
1044,2007-11-11,362,44
1045,2007-11-12,960,116
1046,2007-11-13,5, -   
1047,2007-11-14,68,39
1048,2007-11-15,691,83
1049,2007-11-16,81,41
1050,2007-11-17,40,16
1051,2007-11-18,34,22
1052,2007-11-19,15,10
1053,2007-11-20,6,5
1054,2007-11-21,1219,78
1055,2007-11-22,130,58
1056,2007-11-23,16,7
1057,2007-11-24,64,28
1058,2007-11-25,15,5
1059,2007-11-26,9,2
1060,2007-11-27,2,2
1061,2007-11-28,62,1
1062,2007-11-29,1563,93
1063,2007-11-30,110,41
1064,2007-12-01,106,53
1065,2007-12-02,244,99
1066,2007-12-03,986,45
1067,2007-12-04,37,24
1068,2007-12-05,625,77
1069,2007-12-06,358,71
1070,2007-12-07,262,110
1071,2007-12-08,965,127
1072,2007-12-09,557,218
1073,2007-12-10,142,60
1074,2007-12-11,1313,144
1075,2007-12-12,85,44
1076,2007-12-13,238,58
1077,2007-12-14,1,1
1078,2007-12-15,856,102
1079,2007-12-16,240,100
1080,2007-12-17,24,17
1081,2007-12-18,9,5
1082,2007-12-19,338,119
1083,2007-12-20,2149,681
1084,2007-12-21,433,65
1085,2007-12-22,464,57
1086,2007-12-23,613,81
1087,2007-12-24,648,90
1088,2007-12-25,300,154
1089,2007-12-26,366,48
1090,2007-12-27,153,56
1091,2007-12-28,872,69
1092,2007-12-29,1090,147
1093,2007-12-30,602,107
1094,2007-12-31,598,103
1095,2008-01-01,28,21
1096,2008-01-02,1173,134
1097,2008-01-03,787,126
1098,2008-01-04,594,103
1099,2008-01-05,81,41
1100,2008-01-06,1904,182
1101,2008-01-07,69,13
1102,2008-01-08,302,52
1103,2008-01-09,557,120
1104,2008-01-10,7, -   
1105,2008-01-11,150,74
1106,2008-01-12,841,79
1107,2008-01-13,10,7
1108,2008-01-14,375,87
1109,2008-01-15,42,18
1110,2008-01-16,110,50
1111,2008-01-17,48,24
1112,2008-01-18,5,4
1113,2008-01-19,542,81
1114,2008-01-20,224,87
1115,2008-01-21,20,8
1116,2008-01-22,39,38
1117,2008-01-23,96,52
1118,2008-01-24,13,6
1119,2008-01-25,14,4
1120,2008-01-26,7,5
1121,2008-01-27,88,1
1122,2008-01-28,876,99
1123,2008-01-29,175,65
1124,2008-01-30,395,115
1125,2008-01-31,601,175
1126,2008-02-01,1108,53
1127,2008-02-02,91,53
1128,2008-02-03,705,81
1129,2008-02-04,571,86
1130,2008-02-05,552,166
1131,2008-02-06,1035,132
1132,2008-02-07,1299,307
1133,2008-02-08,279,87
1134,2008-02-09,1374,150
1135,2008-02-10,313,89
1136,2008-02-11,451,93
1137,2008-02-12,3,2
1138,2008-02-13,994,114
1139,2008-02-14,555,149
1140,2008-02-15,41,30
1141,2008-02-16,14,6
1142,2008-02-17,518,176
1143,2008-02-18,2191,707
1144,2008-02-19,534,62
1145,2008-02-20,532,62
1146,2008-02-21,658,81
1147,2008-02-22,728,101
1148,2008-02-23,887,258
1149,2008-02-24,406,60
1150,2008-02-25,347,94
1151,2008-02-26,1038,78
1152,2008-02-27,1173,160
1153,2008-02-28,729,126
1154,2008-02-29,790,115
1155,2008-03-01,22,19
1156,2008-03-02,1349,146
1157,2008-03-03,1294,166
1158,2008-03-04,674,114
1159,2008-03-05,242,73
1160,2008-03-06,1926,197
1161,2008-03-07,92,15
1162,2008-03-08,352,54
1163,2008-03-09,719,134
1164,2008-03-10,11, -   
1165,2008-03-11,454,135
1166,2008-03-12,1310,125
1167,2008-03-13,55,29
1168,2008-03-14,498,99
1169,2008-03-15,116,31
1170,2008-03-16,260,86
1171,2008-03-17,92,29
1172,2008-03-18,27,19
1173,2008-03-19,558,87
1174,2008-03-20,302,99
1175,2008-03-21,42,10
1176,2008-03-22,12,12
1177,2008-03-23,223,83
1178,2008-03-24,20,8
1179,2008-03-25,22,7
1180,2008-03-26,11,9
1181,2008-03-27,151,1
1182,2008-03-28,937,110
1183,2008-03-29,276,83
1184,2008-03-30,453,116
1185,2008-03-31,698,176
1186,2008-04-01,744,50
1187,2008-04-02,96,58
1188,2008-04-03,708,81
1189,2008-04-04,594,89
1190,2008-04-05,551,165
1191,2008-04-06,1048,133
1192,2008-04-07,1380,318
1193,2008-04-08,334,93
1194,2008-04-09,1448,150
1195,2008-04-10,320,88
1196,2008-04-11,438,96
1197,2008-04-12,5,2
1198,2008-04-13,974,111
1199,2008-04-14,664,154
1200,2008-04-15,51,32
1201,2008-04-16,22,10
1202,2008-04-17,533,185
1203,2008-04-18,2087,717
1204,2008-04-19,473,68
1205,2008-04-20,534,60
1206,2008-04-21,568,82
1207,2008-04-22,803,111
1208,2008-04-23,986,263
1209,2008-04-24,418,57
1210,2008-04-25,331,89
1211,2008-04-26,1041,76
1212,2008-04-27,1166,155
1213,2008-04-28,698,129
1214,2008-04-29,843,115
1215,2008-04-30,8,8
1216,2008-05-01,1421,143
1217,2008-05-02,1242,167
1218,2008-05-03,732,116
1219,2008-05-04,236,71
1220,2008-05-05,1896,192
1221,2008-05-06,88,14
1222,2008-05-07,330,55
1223,2008-05-08,728,133
1224,2008-05-09,11, -   
1225,2008-05-10,475,131
1226,2008-05-11,1289,114
1227,2008-05-12,66,30
1228,2008-05-13,556,97
1229,2008-05-14,130,35
1230,2008-05-15,257,87
1231,2008-05-16,114,32
1232,2008-05-17,44,34
1233,2008-05-18,596,83
1234,2008-05-19,323,99
1235,2008-05-20,58,13
1236,2008-05-21,15,15
1237,2008-05-22,263,88
1238,2008-05-23,12,6
1239,2008-05-24,23,7
1240,2008-05-25,13,11
1241,2008-05-26,139,1
1242,2008-05-27,887,108
1243,2008-05-28,290,83
1244,2008-05-29,441,111
1245,2008-05-30,766,180
1246,2008-05-31,761,53
1247,2008-06-01,119,57
1248,2008-06-02,723,85
1249,2008-06-03,569,85
1250,2008-06-04,622,165
1251,2008-06-05,1022,134
1252,2008-06-06,1534,326
1253,2008-06-07,340,91
1254,2008-06-08,1490,152
1255,2008-06-09,334,89
1256,2008-06-10,458,86
1257,2008-06-11,5,2
1258,2008-06-12,1025,117
1259,2008-06-13,610,156
1260,2008-06-14,41,25
1261,2008-06-15,21,9
1262,2008-06-16,517,171
1263,2008-06-17,2377,750
1264,2008-06-18,513,67
1265,2008-06-19,547,64
1266,2008-06-20,611,85
1267,2008-06-21,827,112
1268,2008-06-22,946,266
1269,2008-06-23,463,60
1270,2008-06-24,348,92
1271,2008-06-25,1077,80
1272,2008-06-26,1238,154
1273,2008-06-27,723,130
1274,2008-06-28,823,114
1275,2008-06-29,20,18
1276,2008-06-30,1440,145
1277,2008-07-01,1242,164
1278,2008-07-02,694,115
1279,2008-07-03,259,76
1280,2008-07-04,1863,199
1281,2008-07-05,87,15
1282,2008-07-06,370,55
1283,2008-07-07,670,141
1284,2008-07-08,8, -   
1285,2008-07-09,425,139
1286,2008-07-10,1319,124
1287,2008-07-11,65,30
1288,2008-07-12,518,97
1289,2008-07-13,170,41
1290,2008-07-14,254,87
1291,2008-07-15,113,31
1292,2008-07-16,23,18
1293,2008-07-17,640,91
1294,2008-07-18,340,106
1295,2008-07-19,50,11
1296,2008-07-20,10,10
1297,2008-07-21,295,89
1298,2008-07-22,15,7
1299,2008-07-23,22,6
1300,2008-07-24,11,10
1301,2008-07-25,167,1
1302,2008-07-26,920,115
1303,2008-07-27,316,82
1304,2008-07-28,292,101
1305,2008-07-29,508,167
1306,2008-07-30,1371,51
1307,2008-07-31,69,43
1308,2008-08-01,883,86
1309,2008-08-02,600,85
1310,2008-08-03,539,162
1311,2008-08-04,1048,132
1312,2008-08-05,1173,298
1313,2008-08-06,313,90
1314,2008-08-07,1853,152
1315,2008-08-08,240,83
1316,2008-08-09,321,78
1317,2008-08-10,3,1
1318,2008-08-11,1271,123
1319,2008-08-12,524,150
1320,2008-08-13,32,25
1321,2008-08-14,18,9
1322,2008-08-15,443,156
1323,2008-08-16,2402,759
1324,2008-08-17,651,70
1325,2008-08-18,645,60
1326,2008-08-19,765,83
1327,2008-08-20,956,116
1328,2008-08-21,648,243
1329,2008-08-22,489,62
1330,2008-08-23,269,88
1331,2008-08-24,1285,80
1332,2008-08-25,1527,162
1333,2008-08-26,875,134
1334,2008-08-27,672,111
1335,2008-08-28,21,14
1336,2008-08-29,1634,146
1337,2008-08-30,1485,172
1338,2008-08-31,835,119
1339,2008-09-01,194,71
1340,2008-09-02,2607,206
1341,2008-09-03,84,15
1342,2008-09-04,405,56
1343,2008-09-05,843,149
1344,2008-09-06,11, -   
1345,2008-09-07,283,121
1346,2008-09-08,1251,123
1347,2008-09-09,31,17
1348,2008-09-10,522,99
1349,2008-09-11,138,37
1350,2008-09-12,182,75
1351,2008-09-13,77,29
1352,2008-09-14,17,14
1353,2008-09-15,766,95
1354,2008-09-16,275,92
1355,2008-09-17,56,12
1356,2008-09-18,11,11
1357,2008-09-19,178,77
1358,2008-09-20,23,6
1359,2008-09-21,14,6
1360,2008-09-22,7,6
1361,2008-09-23,159,1
1362,2008-09-24,1184,111
1363,2008-09-25,250,75
1364,2008-09-26,99,50
1365,2008-09-27,157,80
1366,2008-09-28,1137,44
1367,2008-09-29,28,23
1368,2008-09-30,1066,83
1369,2008-10-01,318,71
1370,2008-10-02,150,66
1371,2008-10-03,889,111
1372,2008-10-04,388,134
1373,2008-10-05,146,56
1374,2008-10-06,1747,149
1375,2008-10-07,71,32
1376,2008-10-08,138,32
1377,2008-10-09,1,1
1378,2008-10-10,1203,115
1379,2008-10-11,182,71
1380,2008-10-12,17,15
1381,2008-10-13,1,1
1382,2008-10-14,176,66
1383,2008-10-15,1342,432
1384,2008-10-16,724,67
1385,2008-10-17,642,57
1386,2008-10-18,843,80
1387,2008-10-19,1049,105
1388,2008-10-20,171,91
1389,2008-10-21,511,56
1390,2008-10-22,76,35
1391,2008-10-23,971,74
1392,2008-10-24,1515,159
1393,2008-10-25,849,126
1394,2008-10-26,434,76
1395,2008-10-27,12,12
1396,2008-10-28,1464,141
1397,2008-10-29,1057,133
1398,2008-10-30,892,122
1399,2008-10-31,48,22
1400,2008-11-01,3006,202
1401,2008-11-02,74,11
1402,2008-11-03,432,52
1403,2008-11-04,855,138
1404,2008-11-05,10, -   
1405,2008-11-06,56,36
1406,2008-11-07,700,81
1407,2008-11-08,5,5
1408,2008-11-09,251,67
1409,2008-11-10,70,23
1410,2008-11-11,53,27
1411,2008-11-12,24,10
1412,2008-11-13,7,6
1413,2008-11-14,984,84
1414,2008-11-15,109,47
1415,2008-11-16,46,12
1416,2008-11-17,16,14
1417,2008-11-18,65,30
1418,2008-11-19,16,6
1419,2008-11-20,2,2
1420,2008-11-21,81,1
1421,2008-11-22,1354,106
1422,2008-11-23,98,42
1423,2008-11-24,124,56
1424,2008-11-25,170,76
1425,2008-11-26,1200,40
1426,2008-11-27,26,17
1427,2008-11-28,868,79
1428,2008-11-29,265,55
1429,2008-11-30,268,105
1430,2008-12-01,852,110
1431,2008-12-02,462,162
1432,2008-12-03,190,72
1433,2008-12-04,1571,143
1434,2008-12-05,97,40
1435,2008-12-06,172,43
1436,2008-12-07,1122,121
1437,2008-12-08,189,76
1438,2008-12-09,11,9
1439,2008-12-10,3,2
1440,2008-12-11,227,82
1441,2008-12-12,1772,623
1442,2008-12-13,565,66
1443,2008-12-14,608,61
1444,2008-12-15,836,80
1445,2008-12-16,915,109
1446,2008-12-17,212,114
1447,2008-12-18,443,54
1448,2008-12-19,86,40
1449,2008-12-20,923,69
1450,2008-12-21,1527,152
1451,2008-12-22,787,122
1452,2008-12-23,549,87
1453,2008-12-24,1412,136
1454,2008-12-25,762,113
1455,2008-12-26,818,114
1456,2008-12-27,68,29
1457,2008-12-28,2475,189
1458,2008-12-29,75,16
1459,2008-12-30,427,49
1460,2008-12-31,807,129
1461,2009-01-01,7, -   
1462,2009-01-02,182,72
1463,2009-01-03,774,74
1464,2009-01-04,3,2
1465,2009-01-05,77,38
1466,2009-01-06,42,14
1467,2009-01-07,76,41
1468,2009-01-08,34,12
1469,2009-01-09,4,3
1470,2009-01-10,815,85
1471,2009-01-11,159,58
1472,2009-01-12,22,5
1473,2009-01-13,80,43
1474,2009-01-14,6,2
1475,2009-01-15,9,3
1476,2009-01-16,2,1
1477,2009-01-17,59,1
1478,2009-01-18,1125,112
1479,2009-01-19,139,52
1480,2009-01-20,163,58
1481,2009-01-21,223,87
1482,2009-01-22,1060,44
1483,2009-01-23,41,23
1484,2009-01-24,646,80
1485,2009-01-25,436,77
1486,2009-01-26,256,107
1487,2009-01-27,549,101
1488,2009-01-28,610,187
1489,2009-01-29,176,66
1490,2009-01-30,1489,134
1491,2009-01-31,96,45
1492,2009-02-01,210,53
1493,2009-02-02,1540,107
1494,2009-02-03,177,74
1495,2009-02-04,13,9
1496,2009-02-05,13,6
1497,2009-02-06,232,107
1498,2009-02-07,1511,535
1499,2009-02-08,694,62
1500,2009-02-09,406,56
1501,2009-02-10,591,77
1502,2009-02-11,812,106
1503,2009-02-12,325,140
1504,2009-02-13,293,49
1505,2009-02-14,151,61
1506,2009-02-15,693,70
1507,2009-02-16,1011,154
1508,2009-02-17,561,114
1509,2009-02-18,592,104
1510,2009-02-19,8,8
1511,2009-02-20,1104,140
1512,2009-02-21,1134,147
1513,2009-02-22,546,96
1514,2009-02-23,61,27
1515,2009-02-24,1934,183
1516,2009-02-25,83,16
1517,2009-02-26,304,52
1518,2009-02-27,720,124
1519,2009-02-28,9, -   
1520,2009-03-01,173,75
1521,2009-03-02,640,102
1522,2009-03-03,2,2
1523,2009-03-04,404,88
1524,2009-03-05,68,17
1525,2009-03-06,108,52
1526,2009-03-07,52,21
1527,2009-03-08,7,7
1528,2009-03-09,829,81
1529,2009-03-10,177,79
1530,2009-03-11,30,7
1531,2009-03-12,20,20
1532,2009-03-13,116,62
1533,2009-03-14,14,8
1534,2009-03-15,4,2
1535,2009-03-16,9,7
1536,2009-03-17,138,1
1537,2009-03-18,1119,101
1538,2009-03-19,176,62
1539,2009-03-20,50,24
1540,2009-03-21,85,37
1541,2009-03-22,487,29
1542,2009-03-23,18,12
1543,2009-03-24,320,34
1544,2009-03-25,90,33
1545,2009-03-26,52,33
1546,2009-03-27,259,24
1547,2009-03-28,205,70
1548,2009-03-29,33,19
1549,2009-03-30,712,70
1550,2009-03-31,27,14
1551,2009-04-01,46,20
1552,2009-04-02,566,48
1553,2009-04-03,86,37
1554,2009-04-04,1,1
1555,2009-04-05,37,22
1556,2009-04-06,189,80
1557,2009-04-07,291,37
1558,2009-04-08,120,20
1559,2009-04-09,249,42
1560,2009-04-10,367,81
1561,2009-04-11,91,43
1562,2009-04-12,91,15
1563,2009-04-13,20,13
1564,2009-04-14,179,22
1565,2009-04-15,537,89
1566,2009-04-16,244,68
1567,2009-04-17,294,49
1568,2009-04-18,9,9
1569,2009-04-19,525,68
1570,2009-04-20,415,70
1571,2009-04-21,215,72
1572,2009-04-22,11,7
1573,2009-04-23,939,106
1574,2009-04-24,30,9
1575,2009-04-25,135,37
1576,2009-04-26,319,54
1577,2009-04-27,8, -   
1578,2009-04-28,61,25
1579,2009-04-29,31,24
1580,2009-04-30,9,5
1581,2009-05-01,3,3
1582,2009-05-02,10,3
1583,2009-05-03,80,33
1584,2009-05-04,15,9
1585,2009-05-05,1,1
1586,2009-05-06,339,46
1587,2009-05-07,60,37
1588,2009-05-08,2,1
1589,2009-05-09,12,12
1590,2009-05-10,14,10
1591,2009-05-11,8,3
1592,2009-05-12,5,2
1593,2009-05-13,3,3
1594,2009-05-14,23,1
1595,2009-05-15,551,110
1596,2009-05-16,25,15
1597,2009-05-17,438,109
1598,2009-05-18,574,170
1599,2009-05-19,771,47
1600,2009-05-20,94,51
1601,2009-05-21,769,82
1602,2009-05-22,462,81
1603,2009-05-23,554,162
1604,2009-05-24,788,100
1605,2009-05-25,1343,301
1606,2009-05-26,314,85
1607,2009-05-27,1554,144
1608,2009-05-28,297,91
1609,2009-05-29,252,77
1610,2009-05-30,6,2
1611,2009-05-31,1203,115
1612,2009-06-01,623,151
1613,2009-06-02,35,25
1614,2009-06-03,18,9
1615,2009-06-04,341,125
1616,2009-06-05,2160,673
1617,2009-06-06,561,68
1618,2009-06-07,593,62
1619,2009-06-08,706,77
1620,2009-06-09,792,112
1621,2009-06-10,835,244
1622,2009-06-11,440,53
1623,2009-06-12,281,88
1624,2009-06-13,983,74
1625,2009-06-14,1202,154
1626,2009-06-15,733,130
1627,2009-06-16,1021,109
1628,2009-06-17,22,16
1629,2009-06-18,1395,142
1630,2009-06-19,1300,171
1631,2009-06-20,855,116
1632,2009-06-21,247,73
1633,2009-06-22,2250,207
1634,2009-06-23,97,15
1635,2009-06-24,384,56
1636,2009-06-25,710,123
1637,2009-06-26,8, -   
1638,2009-06-27,452,134
1639,2009-06-28,122,50
1640,2009-06-29,66,33
1641,2009-06-30,455,94
1642,2009-07-01,146,36
1643,2009-07-02,298,92
1644,2009-07-03,98,30
1645,2009-07-04,14,12
1646,2009-07-05,702,91
1647,2009-07-06,302,106
1648,2009-07-07,42,10
1649,2009-07-08,9,9
1650,2009-07-09,235,83
1651,2009-07-10,14,7
1652,2009-07-11,15,5
1653,2009-07-12,14,12
1654,2009-07-13,178,1
1655,2009-07-14,1010,107
1656,2009-07-15,262,75
1657,2009-07-16,451,107
1658,2009-07-17,749,179
1659,2009-07-18,949,51
1660,2009-07-19,122,62
1661,2009-07-20,822,84
1662,2009-07-21,534,84
1663,2009-07-22,584,171
1664,2009-07-23,993,121
1665,2009-07-24,1527,310
1666,2009-07-25,312,90
1667,2009-07-26,1697,146
1668,2009-07-27,359,96
1669,2009-07-28,464,97
1670,2009-07-29,9,2
1671,2009-07-30,1217,115
1672,2009-07-31,700,157
1673,2009-08-01,39,28
1674,2009-08-02,16,6
1675,2009-08-03,420,148
1676,2009-08-04,2498,737
1677,2009-08-05,588,70
1678,2009-08-06,674,63
1679,2009-08-07,663,81
1680,2009-08-08,896,114
1681,2009-08-09,992,261
1682,2009-08-10,478,56
1683,2009-08-11,358,93
1684,2009-08-12,1075,79
1685,2009-08-13,1332,167
1686,2009-08-14,756,127
1687,2009-08-15,973,114
1688,2009-08-16,32,27
1689,2009-08-17,1515,144
1690,2009-08-18,1486,170
1691,2009-08-19,862,105
1692,2009-08-20,242,77
1693,2009-08-21,2286,211
1694,2009-08-22,89,14
1695,2009-08-23,371,58
1696,2009-08-24,719,135
1697,2009-08-25,8, -   
1698,2009-08-26,407,130
1699,2009-08-27,1268,117
1700,2009-08-28,80,29
1701,2009-08-29,548,101
1702,2009-08-30,120,30
1703,2009-08-31,276,93
1704,2009-09-01,108,31
1705,2009-09-02,23,16
1706,2009-09-03,691,94
1707,2009-09-04,318,107
1708,2009-09-05,32,9
1709,2009-09-06,14,14
1710,2009-09-07,297,92
1711,2009-09-08,12,7
1712,2009-09-09,25,5
1713,2009-09-10,10,9
1714,2009-09-11,173,1
1715,2009-09-12,984,111
1716,2009-09-13,296,83
1717,2009-09-14,338,102
1718,2009-09-15,503,157
1719,2009-09-16,1429,49
1720,2009-09-17,75,48
1721,2009-09-18,673,81
1722,2009-09-19,551,86
1723,2009-09-20,537,155
1724,2009-09-21,1031,123
1725,2009-09-22,1137,283
1726,2009-09-23,349,82
1727,2009-09-24,2226,152
1728,2009-09-25,256,84
1729,2009-09-26,294,80
1730,2009-09-27,6,2
1731,2009-09-28,1848,128
1732,2009-09-29,478,144
1733,2009-09-30,26,14
1734,2009-10-01,19,8
1735,2009-10-02,360,143
1736,2009-10-03,2257,710
1737,2009-10-04,894,71
1738,2009-10-05,768,64
1739,2009-10-06,848,78
1740,2009-10-07,1047,117
1741,2009-10-08,672,236
1742,2009-10-09,567,63
1743,2009-10-10,240,85
1744,2009-10-11,1443,81
1745,2009-10-12,1780,172
1746,2009-10-13,936,130
1747,2009-10-14,866,111
1748,2009-10-15,23,17
1749,2009-10-16,1808,154
1750,2009-10-17,2115,178
1751,2009-10-18,997,116
1752,2009-10-19,172,67
1753,2009-10-20,3178,213
1754,2009-10-21,97,14
1755,2009-10-22,447,61
1756,2009-10-23,978,151
1757,2009-10-24,15, -   
1758,2009-10-25,324,115
1759,2009-10-26,1111,118
1760,2009-10-27,38,19
1761,2009-10-28,550,96
1762,2009-10-29,150,37
1763,2009-10-30,185,80
1764,2009-10-31,76,28
1765,2009-11-01,8,8
1766,2009-11-02,1122,93
1767,2009-11-03,259,92
1768,2009-11-04,38,11
1769,2009-11-05,5,5
1770,2009-11-06,198,84
1771,2009-11-07,20,9
1772,2009-11-08,16,5
1773,2009-11-09,10,10
1774,2009-11-10,175,1
1775,2009-11-11,1542,115
1776,2009-11-12,237,74
1777,2009-11-13,117,59
1778,2009-11-14,153,81
1779,2009-11-15,1641,48
1780,2009-11-16,33,25
1781,2009-11-17,1262,83
1782,2009-11-18,408,80
1783,2009-11-19,144,66
1784,2009-11-20,925,118
1785,2009-11-21,463,173
1786,2009-11-22,148,64
1787,2009-11-23,2346,152
1788,2009-11-24,65,36
1789,2009-11-25,130,32
1790,2009-11-26,2,1
1791,2009-11-27,1935,130
1792,2009-11-28,184,91
1793,2009-11-29,1,1
1794,2009-11-30,159,66
1795,2009-12-01,1716,617
1796,2009-12-02,669,68
1797,2009-12-03,768,63
1798,2009-12-04,1051,78
1799,2009-12-05,1157,115
1800,2009-12-06,180,106
1801,2009-12-07,646,61
1802,2009-12-08,86,39
1803,2009-12-09,1447,80
1804,2009-12-10,1944,167
1805,2009-12-11,1048,136
1806,2009-12-12,603,85
1807,2009-12-13,14,10
1808,2009-12-14,2004,154
1809,2009-12-15,1221,150
1810,2009-12-16,1137,120
1811,2009-12-17,43,26
1812,2009-12-18,3763,209
1813,2009-12-19,100,16
1814,2009-12-20,548,60
1815,2009-12-21,1020,143
1816,2009-12-22,9, -   
1817,2009-12-23,92,50
1818,2009-12-24,732,78
1819,2009-12-25,4,3
1820,2009-12-26,299,80
1821,2009-12-27,70,49
1822,2009-12-28,15,9
1823,2009-12-29,8,8
1824,2009-12-30,1334,98
1825,2009-12-31,139,64
1826,2010-01-01,32,9
1827,2010-01-02,19, -   
1828,2010-01-03,57,37
1829,2010-01-04,21,9
1830,2010-01-05,1,1
1831,2010-01-06,4,3
1832,2010-01-07,102,1
1833,2010-01-08,1705,113
1834,2010-01-09,123,52
1835,2010-01-10,160,54
1836,2010-01-11,188,73
1837,2010-01-12,1392,39
1838,2010-01-13,29,21
1839,2010-01-14,1103,75
1840,2010-01-15,287,62
1841,2010-01-16,208,102
1842,2010-01-17,886,105
1843,2010-01-18,399,146
1844,2010-01-19,203,69
1845,2010-01-20,2033,143
1846,2010-01-21,78,35
1847,2010-01-22,195,45
1848,2010-01-23,1851,113
1849,2010-01-24,171,67
1850,2010-01-25,24,18
1851,2010-01-26,7,3
1852,2010-01-27,206,75
1853,2010-01-28,1803,618
1854,2010-01-29,888,71
1855,2010-01-30,821,77
1856,2010-01-31,624,81
1857,2010-02-01,187,110
1858,2010-02-02,579,52
1859,2010-02-03,84,40
1860,2010-02-04,1123,76
1861,2010-02-05,1796,161
1862,2010-02-06,923,122
1863,2010-02-07,625,84
1864,2010-02-08,14,14
1865,2010-02-09,1679,144
1866,2010-02-10,1031,124
1867,2010-02-11,61,31
1868,2010-02-12,85,16
1869,2010-02-13,457,56
1870,2010-02-14,3, -   
1871,2010-02-15,994,131
1872,2010-02-16,13, -   
1873,2010-02-17,160,65
1874,2010-02-18,778,81
1875,2010-02-19,1,1
1876,2010-02-20,146,46
1877,2010-02-21,46,16
1878,2010-02-22,75,43
1879,2010-02-23,26,13
1880,2010-02-24,45,29
1881,2010-02-25,4,4
1882,2010-02-26,1197,87
1883,2010-02-27,164,62
1884,2010-02-28,16,6
1885,2010-03-01,54,33
1886,2010-03-02,25,6
1887,2010-03-03,3,2
1888,2010-03-04,7,6
1889,2010-03-05,60,1
1890,2010-03-06,1581,107
1891,2010-03-07,144,46
1892,2010-03-08,349,72
1893,2010-03-09,529,115
1894,2010-03-10,979,34
1895,2010-03-11,53,24
1896,2010-03-12,926,75
1897,2010-03-13,389,68
1898,2010-03-14,330,95
1899,2010-03-15,797,101
1900,2010-03-16,1019,215
1901,2010-03-17,176,48
1902,2010-03-18,2131,106
1903,2010-03-19,191,51
1904,2010-03-20,264,62
1905,2010-03-21,7,3
1906,2010-03-22,2028,100
1907,2010-03-23,483,106
1908,2010-03-24,35,25
1909,2010-03-25,24,8
1910,2010-03-26,341,123
1911,2010-03-27,1088,361
1912,2010-03-28,485,53
1913,2010-03-29,745,74
1914,2010-03-30,866,95
1915,2010-03-31,462,147
1916,2010-04-01,327,53
1917,2010-04-02,266,78
1918,2010-04-03,834,68
1919,2010-04-04,968,127
1920,2010-04-05,544,99
1921,2010-04-06,810,95
1922,2010-04-07,62,39
1923,2010-04-08,912,103
1924,2010-04-09,1849,151
1925,2010-04-10,119,41
1926,2010-04-11,96,13
1927,2010-04-12,300,48
1928,2010-04-13,6,1
1929,2010-04-14,1003,107
1930,2010-04-15,9, -   
1931,2010-04-16,354,100
1932,2010-04-17,602,94
1933,2010-04-18,53,22
1934,2010-04-19,455,87
1935,2010-04-20,76,23
1936,2010-04-21,274,79
1937,2010-04-22,71,23
1938,2010-04-23,130,71
1939,2010-04-24,8,7
1940,2010-04-25,1462,66
1941,2010-04-26,197,77
1942,2010-04-27,40,10
1943,2010-04-28,20,20
1944,2010-04-29,195,64
1945,2010-04-30,14,6
1946,2010-05-01,20,3
1947,2010-05-02,5,5
1948,2010-05-03,200,1
1949,2010-05-04,1743,83
1950,2010-05-05,199,51
1951,2010-05-06,543,109
1952,2010-05-07,729,164
1953,2010-05-08,1222,46
1954,2010-05-09,122,56
1955,2010-05-10,957,83
1956,2010-05-11,531,84
1957,2010-05-12,549,153
1958,2010-05-13,931,113
1959,2010-05-14,1495,289
1960,2010-05-15,285,80
1961,2010-05-16,2187,136
1962,2010-05-17,375,84
1963,2010-05-18,373,92
1964,2010-05-19,11,3
1965,2010-05-20,2119,119
1966,2010-05-21,690,155
1967,2010-05-22,44,25
1968,2010-05-23,29,8
1969,2010-05-24,490,159
1970,2010-05-25,2465,639
1971,2010-05-26,980,58
1972,2010-05-27,794,80
1973,2010-05-28,1005,123
1974,2010-05-29,826,237
1975,2010-05-30,439,58
1976,2010-05-31,348,83
1977,2010-06-01,1005,76
1978,2010-06-02,1189,157
1979,2010-06-03,705,121
1980,2010-06-04,1021,106
1981,2010-06-05,24,15
1982,2010-06-06,1377,147
1983,2010-06-07,1954,164
1984,2010-06-08,271,82
1985,2010-06-09,110,15
1986,2010-06-10,417,55
1987,2010-06-11,10, -   
1988,2010-06-12,979,121
1989,2010-06-13,11, -   
1990,2010-06-14,628,136
1991,2010-06-15,925,105
1992,2010-06-16,76,32
1993,2010-06-17,556,93
1994,2010-06-18,140,31
1995,2010-06-19,394,93
1996,2010-06-20,121,33
1997,2010-06-21,183,94
1998,2010-06-22,17,12
1999,2010-06-23,1257,92
2000,2010-06-24,311,96
2001,2010-06-25,62,13
2002,2010-06-26,7,7
2003,2010-06-27,299,90
2004,2010-06-28,20,6
2005,2010-06-29,25,6
2006,2010-06-30,13,11
2007,2010-07-01,203,1
2008,2010-07-02,1585,103
2009,2010-07-03,319,75
2010,2010-07-04,564,113
2011,2010-07-05,810,184
2012,2010-07-06,1022,48
2013,2010-07-07,132,59
2014,2010-07-08,973,110
2015,2010-07-09,571,82
2016,2010-07-10,685,175
2017,2010-07-11,1012,125
2018,2010-07-12,1580,310
2019,2010-07-13,281,84
2020,2010-07-14,2052,146
2021,2010-07-15,429,93
2022,2010-07-16,444,95
2023,2010-07-17,9,3
2024,2010-07-18,1729,119
2025,2010-07-19,726,173
2026,2010-07-20,45,31
2027,2010-07-21,29,9
2028,2010-07-22,495,165
2029,2010-07-23,2543,728
2030,2010-07-24,660,66
2031,2010-07-25,714,81
2032,2010-07-26,959,118
2033,2010-07-27,936,266
2034,2010-07-28,514,58
2035,2010-07-29,338,100
2036,2010-07-30,1251,78
2037,2010-07-31,1271,159
2038,2010-08-01,792,130
2039,2010-08-02,977,108
2040,2010-08-03,11,11
2041,2010-08-04,1572,156
2042,2010-08-05,1831,172
2043,2010-08-06,280,84
2044,2010-08-07,86,15
2045,2010-08-08,388,56
2046,2010-08-09,7, -   
2047,2010-08-10,887,135
2048,2010-08-11,8, -   
2049,2010-08-12,587,138
2050,2010-08-13,1169,115
2051,2010-08-14,79,32
2052,2010-08-15,668,99
2053,2010-08-16,156,38
2054,2010-08-17,306,96
2055,2010-08-18,86,28
2056,2010-08-19,185,91
2057,2010-08-20,22,14
2058,2010-08-21,1199,89
2059,2010-08-22,356,111
2060,2010-08-23,42,12
2061,2010-08-24,11,11
2062,2010-08-25,320,92
2063,2010-08-26,14,6
2064,2010-08-27,20,7
2065,2010-08-28,14,11
2066,2010-08-29,191,1
2067,2010-08-30,1479,110
2068,2010-08-31,305,81
2069,2010-09-01,528,107
2070,2010-09-02,785,173
2071,2010-09-03,1090,46
2072,2010-09-04,131,64
2073,2010-09-05,981,125
2074,2010-09-06,561,84
2075,2010-09-07,649,178
2076,2010-09-08,960,129
2077,2010-09-09,1634,317
2078,2010-09-10,267,84
2079,2010-09-11,2053,149
2080,2010-09-12,414,93
2081,2010-09-13,417,91
2082,2010-09-14,8,2
2083,2010-09-15,1855,119
2084,2010-09-16,768,166
2085,2010-09-17,58,39
2086,2010-09-18,12,6
2087,2010-09-19,512,169
2088,2010-09-20,2809,747
2089,2010-09-21,708,67
2090,2010-09-22,822,87
2091,2010-09-23,983,115
2092,2010-09-24,977,271
2093,2010-09-25,522,64
2094,2010-09-26,348,89
2095,2010-09-27,1376,78
2096,2010-09-28,1404,162
2097,2010-09-29,790,132
2098,2010-09-30,1052,109
2099,2010-10-01,10,8
2100,2010-10-02,1654,158
2101,2010-10-03,1771,164
2102,2010-10-04,279,82
2103,2010-10-05,100,15
2104,2010-10-06,430,60
2105,2010-10-07,6, -   
2106,2010-10-08,933,137
2107,2010-10-09,9, -   
2108,2010-10-10,488,132
2109,2010-10-11,1162,115
2110,2010-10-12,61,31
2111,2010-10-13,628,100
2112,2010-10-14,150,39
2113,2010-10-15,258,99
2114,2010-10-16,117,32
2115,2010-10-17,179,88
2116,2010-10-18,29,21
2117,2010-10-19,1076,85
2118,2010-10-20,323,107
2119,2010-10-21,50,13
2120,2010-10-22,15,15
2121,2010-10-23,316,95
2122,2010-10-24,11,5
2123,2010-10-25,18,7
2124,2010-10-26,8,7
2125,2010-10-27,197,1
2126,2010-10-28,1475,108
2127,2010-10-29,325,83
2128,2010-10-30,512,108
2129,2010-10-31,724,171
2130,2010-11-01,1011,51
2131,2010-11-02,172,78
2132,2010-11-03,1204,138
2133,2010-11-04,634,84
2134,2010-11-05,509,166
2135,2010-11-06,1057,129
2136,2010-11-07,1174,290
2137,2010-11-08,307,84
2138,2010-11-09,2307,155
2139,2010-11-10,347,86
2140,2010-11-11,350,89
2141,2010-11-12,8,2
2142,2010-11-13,2498,124
2143,2010-11-14,523,150
2144,2010-11-15,48,31
2145,2010-11-16,21,8
2146,2010-11-17,386,145
2147,2010-11-18,2620,739
2148,2010-11-19,874,67
2149,2010-11-20,973,88
2150,2010-11-21,1118,121
2151,2010-11-22,753,241
2152,2010-11-23,610,66
2153,2010-11-24,303,88
2154,2010-11-25,1308,82
2155,2010-11-26,1515,169
2156,2010-11-27,946,133
2157,2010-11-28,904,114
2158,2010-11-29,46,24
2159,2010-11-30,1650,157
2160,2010-12-01,2273,171
2161,2010-12-02,212,68
2162,2010-12-03,111,16
2163,2010-12-04,453,61
2164,2010-12-05,2, -   
2165,2010-12-06,1153,143
2166,2010-12-07,17, -   
2167,2010-12-08,471,131
2168,2010-12-09,1078,112
2169,2010-12-10,54,25
2170,2010-12-11,659,100
2171,2010-12-12,142,41
2172,2010-12-13,318,100
2173,2010-12-14,89,30
2174,2010-12-15,139,72
2175,2010-12-16,16,15
2176,2010-12-17,1310,97
2177,2010-12-18,273,87
2178,2010-12-19,34,9
2179,2010-12-20,12,12
2180,2010-12-21,215,81
2181,2010-12-22,20,5
2182,2010-12-23,16,6
2183,2010-12-24,11,10
2184,2010-12-25,163,1
2185,2010-12-26,1979,112
2186,2010-12-27,259,68
2187,2010-12-28,145,65
2188,2010-12-29,181,98
2189,2010-12-30,1745,48
2190,2010-12-31,26,19
2191,2011-01-01,1197,135
2192,2011-01-02,396,77
2193,2011-01-03,170,83
2194,2011-01-04,1057,121
2195,2011-01-05,401,141
2196,2011-01-06,96,51
2197,2011-01-07,2276,147
2198,2011-01-08,105,43
2199,2011-01-09,141,38
2200,2011-01-10,2260,129
2201,2011-01-11,157,77
2202,2011-01-12,27,22
2203,2011-01-13,1,1
2204,2011-01-14,157,69
2205,2011-01-15,1581,590
2206,2011-01-16,879,72
2207,2011-01-17,1029,87
2208,2011-01-18,1232,120
2209,2011-01-19,198,114
2210,2011-01-20,601,61
2211,2011-01-21,94,43
2212,2011-01-22,1287,81
2213,2011-01-23,1729,166
2214,2011-01-24,978,131
2215,2011-01-25,504,85
2216,2011-01-26,32,26
2217,2011-01-27,1965,160
2218,2011-01-28,1254,141
2219,2011-01-29,67,34
2220,2011-01-30,102,15
2221,2011-01-31,531,61
2222,2011-02-01,4, -   
2223,2011-02-02,1075,148
2224,2011-02-03,11, -   
2225,2011-02-04,174,62
2226,2011-02-05,888,85
2227,2011-02-06,6,6
2228,2011-02-07,315,80
2229,2011-02-08,94,26
2230,2011-02-09,81,44
2231,2011-02-10,38,19
2232,2011-02-11,38,25
2233,2011-02-12,8,7
2234,2011-02-13,1513,99
2235,2011-02-14,136,51
2236,2011-02-15,34,8
2237,2011-02-16,12,12
2238,2011-02-17,81,39
2239,2011-02-18,14,6
2240,2011-02-19,5,3
2241,2011-02-20,2,2
2242,2011-02-21,97,1
2243,2011-02-22,1790,114
2244,2011-02-23,114,47
2245,2011-02-24,160,68
2246,2011-02-25,211,93
2247,2011-02-26,1579,45
2248,2011-02-27,42,27
2249,2011-02-28,1020,139
2250,2011-03-01,304,58
2251,2011-03-02,267,103
2252,2011-03-03,887,108
2253,2011-03-04,574,167
2254,2011-03-05,95,43
2255,2011-03-06,2215,142
2256,2011-03-07,111,46
2257,2011-03-08,153,43
2258,2011-03-09,1794,111
2259,2011-03-10,134,64
2260,2011-03-11,24,18
2261,2011-03-12,4,3
2262,2011-03-13,252,97
2263,2011-03-14,1796,621
2264,2011-03-15,769,71
2265,2011-03-16,842,86
2266,2011-03-17,1040,101
2267,2011-03-18,180,106
2268,2011-03-19,530,55
2269,2011-03-20,112,48
2270,2011-03-21,1145,77
2271,2011-03-22,1764,153
2272,2011-03-23,930,114
2273,2011-03-24,593,82
2274,2011-03-25,1692,146
2275,2011-03-26,929,111
2276,2011-03-27,51,27
2277,2011-03-28,75,15
2278,2011-03-29,412,55
2279,2011-03-30,3, -   
2280,2011-03-31,904,132
2281,2011-04-01,6, -   
2282,2011-04-02,196,73
2283,2011-04-03,697,74
2284,2011-04-04,4,3
2285,2011-04-05,116,45
2286,2011-04-06,70,19
2287,2011-04-07,89,43
2288,2011-04-08,26,10
2289,2011-04-09,61,35
2290,2011-04-10,5,4
2291,2011-04-11,1137,71
2292,2011-04-12,174,61
2293,2011-04-13,18,6
2294,2011-04-14,1,1
2295,2011-04-15,71,39
2296,2011-04-16,14,7
2297,2011-04-17,7,2
2298,2011-04-18,2,2
2299,2011-04-19,61,1
2300,2011-04-20,1546,109
2301,2011-04-21,126,48
2302,2011-04-22,339,102
2303,2011-04-23,535,154
2304,2011-04-24,942,49
2305,2011-04-25,74,41
2306,2011-04-26,833,139
2307,2011-04-27,538,84
2308,2011-04-28,472,145
2309,2011-04-29,1003,120
2310,2011-04-30,1170,273
2311,2011-05-01,237,76
2312,2011-05-02,1800,152
2313,2011-05-03,217,80
2314,2011-05-04,298,79
2315,2011-05-05,7,2
2316,2011-05-06,1549,127
2317,2011-05-07,533,151
2318,2011-05-08,33,23
2319,2011-05-09,14,7
2320,2011-05-10,443,159
2321,2011-05-11,1905,599
2322,2011-05-12,621,63
2323,2011-05-13,740,85
2324,2011-05-14,1015,115
2325,2011-05-15,705,224
2326,2011-05-16,454,56
2327,2011-05-17,283,82
2328,2011-05-18,1106,77
2329,2011-05-19,1409,158
2330,2011-05-20,801,128
2331,2011-05-21,1041,114
2332,2011-05-22,14,12
2333,2011-05-23,1495,147
2334,2011-05-24,1488,166
2335,2011-05-25,205,74
2336,2011-05-26,106,16
2337,2011-05-27,430,58
2338,2011-05-28,8, -   
2339,2011-05-29,848,137
2340,2011-05-30,8, -   
2341,2011-05-31,383,124
2342,2011-06-01,643,92
2343,2011-06-02,63,29
2344,2011-06-03,575,93
2345,2011-06-04,110,31
2346,2011-06-05,276,91
2347,2011-06-06,82,26
2348,2011-06-07,139,79
2349,2011-06-08,7,6
2350,2011-06-09,1036,93
2351,2011-06-10,284,93
2352,2011-06-11,26,8
2353,2011-06-12,28,26
2354,2011-06-13,241,81
2355,2011-06-14,23,8
2356,2011-06-15,16,6
2357,2011-06-16,5,5
2358,2011-06-17,202,1
2359,2011-06-18,1356,109
2360,2011-06-19,243,69
2361,2011-06-20,435,111
2362,2011-06-21,668,171
2363,2011-06-22,836,47
2364,2011-06-23,103,59
2365,2011-06-24,867,144
2366,2011-06-25,597,86
2367,2011-06-26,594,170
2368,2011-06-27,996,128
2369,2011-06-28,1429,304
2370,2011-06-29,267,78
2371,2011-06-30,1799,152
2372,2011-07-01,344,93
2373,2011-07-02,428,94
2374,2011-07-03,10,3
2375,2011-07-04,1571,119
2376,2011-07-05,627,159
2377,2011-07-06,35,29
2378,2011-07-07,16,6
2379,2011-07-08,533,183
2380,2011-07-09,2276,702
2381,2011-07-10,765,67
2382,2011-07-11,690,86
2383,2011-07-12,903,119
2384,2011-07-13,903,266
2385,2011-07-14,437,57
2386,2011-07-15,355,92
2387,2011-07-16,1230,81
2388,2011-07-17,1403,162
2389,2011-07-18,820,132
2390,2011-07-19,1015,119
2391,2011-07-20,27,27
2392,2011-07-21,1535,151
2393,2011-07-22,1613,175
2394,2011-07-23,266,87
2395,2011-07-24,96,17
2396,2011-07-25,450,60
2397,2011-07-26,7, -   
2398,2011-07-27,773,136
2399,2011-07-28,8, -   
2400,2011-07-29,475,132
2401,2011-07-30,1099,104
2402,2011-07-31,73,33
2403,2011-08-01,654,97
2404,2011-08-02,132,37
2405,2011-08-03,284,95
2406,2011-08-04,97,30
2407,2011-08-05,162,87
2408,2011-08-06,27,22
2409,2011-08-07,985,90
2410,2011-08-08,338,107
2411,2011-08-09,32,10
2412,2011-08-10,12,12
2413,2011-08-11,299,91
2414,2011-08-12,7,7
2415,2011-08-13,19,7
2416,2011-08-14,11,9
2417,2011-08-15,175,1
2418,2011-08-16,1253,113
2419,2011-08-17,280,78
2420,2011-08-18,462,111
2421,2011-08-19,737,181
2422,2011-08-20,857,47
2423,2011-08-21,108,59
2424,2011-08-22,848,154
2425,2011-08-23,570,89
2426,2011-08-24,682,181
2427,2011-08-25,1004,130
2428,2011-08-26,1561,303
2429,2011-08-27,324,86
2430,2011-08-28,1825,151
2431,2011-08-29,352,87
2432,2011-08-30,509,95
2433,2011-08-31,6,2
2434,2011-09-01,1687,123
2435,2011-09-02,624,162
2436,2011-09-03,42,30
2437,2011-09-04,27,9
2438,2011-09-05,572,187
2439,2011-09-06,2404,755
2440,2011-09-07,624,69
2441,2011-09-08,721,88
2442,2011-09-09,884,115
2443,2011-09-10,1011,261
2444,2011-09-11,453,60
2445,2011-09-12,377,93
2446,2011-09-13,1134,81
2447,2011-09-14,1422,164
2448,2011-09-15,839,127
2449,2011-09-16,1007,122
2450,2011-09-17,22,21
2451,2011-09-18,1574,147
2452,2011-09-19,1798,168
2453,2011-09-20,305,89
2454,2011-09-21,98,16
2455,2011-09-22,453,59
2456,2011-09-23,9, -   
2457,2011-09-24,838,132
2458,2011-09-25,8, -   
2459,2011-09-26,512,138
2460,2011-09-27,1096,106
2461,2011-09-28,69,32
2462,2011-09-29,671,106
2463,2011-09-30,156,37
2464,2011-10-01,262,93
2465,2011-10-02,120,34
2466,2011-10-03,215,104
2467,2011-10-04,19,14
2468,2011-10-05,1011,91
2469,2011-10-06,312,105
2470,2011-10-07,50,12
2471,2011-10-08,7,7
2472,2011-10-09,302,95
2473,2011-10-10,23,9
2474,2011-10-11,21,7
2475,2011-10-12,9,9
2476,2011-10-13,178,1
2477,2011-10-14,1285,119
2478,2011-10-15,356,83
2479,2011-10-16,435,113
2480,2011-10-17,765,176
2481,2011-10-18,971,49
2482,2011-10-19,124,65
2483,2011-10-20,824,150
2484,2011-10-21,559,90
2485,2011-10-22,633,182
2486,2011-10-23,880,124
2487,2011-10-24,1552,304
2488,2011-10-25,326,89
2489,2011-10-26,1951,154
2490,2011-10-27,341,91
2491,2011-10-28,456,94
2492,2011-10-29,10,3
2493,2011-10-30,1519,122
2494,2011-10-31,665,161
2495,2011-11-01,46,28
2496,2011-11-02,19,7
2497,2011-11-03,603,197
2498,2011-11-04,2957,770
2499,2011-11-05,610,70
2500,2011-11-06,769,90
2501,2011-11-07,936,114
2502,2011-11-08,905,255
2503,2011-11-09,507,60
2504,2011-11-10,366,93
2505,2011-11-11,1321,84
2506,2011-11-12,1443,162
2507,2011-11-13,796,133
2508,2011-11-14,964,119
2509,2011-11-15,8,8
2510,2011-11-16,1680,154
2511,2011-11-17,1711,169
2512,2011-11-18,292,85
2513,2011-11-19,94,16
2514,2011-11-20,449,58
2515,2011-11-21,7, -   
2516,2011-11-22,838,149
2517,2011-11-23,7, -   
2518,2011-11-24,440,139
2519,2011-11-25,1153,114
2520,2011-11-26,78,35
2521,2011-11-27,661,101
2522,2011-11-28,138,36
2523,2011-11-29,262,94
2524,2011-11-30,111,30
2525,2011-12-01,210,99
2526,2011-12-02,22,17
2527,2011-12-03,950,87
2528,2011-12-04,334,108
2529,2011-12-05,40,9
2530,2011-12-06,11,11
2531,2011-12-07,319,97
2532,2011-12-08,19,9
2533,2011-12-09,22,7
2534,2011-12-10,23,16
2535,2011-12-11,172,1
2536,2011-12-12,1303,117
2537,2011-12-13,330,80
2538,2011-12-14,337,102
2539,2011-12-15,464,156
2540,2011-12-16,1571,50
2541,2011-12-17,69,38
2542,2011-12-18,1266,153
2543,2011-12-19,602,89
2544,2011-12-20,483,159
2545,2011-12-21,1075,123
2546,2011-12-22,1224,284
2547,2011-12-23,312,87
2548,2011-12-24,2391,155
2549,2011-12-25,243,82
2550,2011-12-26,319,78
2551,2011-12-27,7,2
2552,2011-12-28,2358,122
2553,2011-12-29,553,151
2554,2011-12-30,48,31
2555,2011-12-31,18,7
2556,2012-01-01,467,182
2557,2012-01-02,3081,759
2558,2012-01-03,930,62
2559,2012-01-04,1040,89
2560,2012-01-05,1213,120
2561,2012-01-06,680,235
2562,2012-01-07,640,64
2563,2012-01-08,260,84
2564,2012-01-09,1422,85
2565,2012-01-10,1577,171
2566,2012-01-11,1072,137
2567,2012-01-12,1036,122
2568,2012-01-13,20,20
2569,2012-01-14,1721,158
2570,2012-01-15,2766,159
2571,2012-01-16,179,71
2572,2012-01-17,133,14
2573,2012-01-18,489,59
2574,2012-01-19,11, -   
2575,2012-01-20,1430,146
2576,2012-01-21,9, -   
2577,2012-01-22,291,118
2578,2012-01-23,933,106
2579,2012-01-24,30,18
2580,2012-01-25,643,104
2581,2012-01-26,128,35
2582,2012-01-27,172,82
2583,2012-01-28,88,27
2584,2012-01-29,212,106
2585,2012-01-30,14,14
2586,2012-01-31,1642,93
2587,2012-02-01,256,89
2588,2012-02-02,40,8
2589,2012-02-03,20,20
2590,2012-02-04,256,87
2591,2012-02-05,22,6
2592,2012-02-06,13,5
2593,2012-02-07,16,14
2594,2012-02-08,198,1
2595,2012-02-09,2168,121
2596,2012-02-10,278,70
2597,2012-02-11,69,36
2598,2012-02-12,130,71
2599,2012-02-13,1784,47
2600,2012-02-14,16,14
2601,2012-02-15,1314,115
2602,2012-02-16,445,80
2603,2012-02-17,134,70
2604,2012-02-18,1143,123
2605,2012-02-19,481,147
2606,2012-02-20,172,55
2607,2012-02-21,2065,153
2608,2012-02-22,68,32
2609,2012-02-23,171,39
2610,2012-02-24,1,1
2611,2012-02-25,2471,122
2612,2012-02-26,169,72
2613,2012-02-27,23,19
2614,2012-02-28,6,4
2615,2012-02-29,244,120
2616,2012-03-01,2089,617
2617,2012-03-02,1014,70
2618,2012-03-03,1127,86
2619,2012-03-04,1190,114
2620,2012-03-05,182,99
2621,2012-03-06,596,60
2622,2012-03-07,92,46
2623,2012-03-08,1248,84
2624,2012-03-09,1849,166
2625,2012-03-10,1042,132
2626,2012-03-11,516,80
2627,2012-03-12,20,20
2628,2012-03-13,1935,158
2629,2012-03-14,1728,138
2630,2012-03-15,46,20
2631,2012-03-16,102,15
2632,2012-03-17,472,53
2633,2012-03-18,7, -   
2634,2012-03-19,1235,142
2635,2012-03-20,7, -   
2636,2012-03-21,86,46
2637,2012-03-22,734,75
2638,2012-03-23,7,7
2639,2012-03-24,288,80
2640,2012-03-25,72,24
2641,2012-03-26,54,31
2642,2012-03-27,19,9
2643,2012-03-28,153,81
2644,2012-03-29,5,5
2645,2012-03-30,1718,87
2646,2012-03-31,111,45
2647,2012-04-01,8,2
2648,2012-04-02,8,8
2649,2012-04-03,64,35
2650,2012-04-04,16,8
2651,2012-04-05,6,3
2652,2012-04-06,3,3
2653,2012-04-07,71,1
2654,2012-04-08,2024,118
2655,2012-04-09,130,46
2656,2012-04-10,77,34
2657,2012-04-11,131,51
2658,2012-04-12,1528,40
2659,2012-04-13,23,17
2660,2012-04-14,1254,71
2661,2012-04-15,448,68
2662,2012-04-16,109,58
2663,2012-04-17,1175,110
2664,2012-04-18,439,129
2665,2012-04-19,119,61
2666,2012-04-20,2084,133
2667,2012-04-21,54,25
2668,2012-04-22,96,34
2669,2012-04-23,1918,113
2670,2012-04-24,139,51
2671,2012-04-25,19,15
2672,2012-04-26,5,4
2673,2012-04-27,263,122
2674,2012-04-28,1670,514
2675,2012-04-29,1115,70
2676,2012-04-30,1073,80
2677,2012-05-01,1202,101
2678,2012-05-02,164,88
2679,2012-05-03,586,51
2680,2012-05-04,59,28
2681,2012-05-05,1188,80
2682,2012-05-06,1868,153
2683,2012-05-07,962,115
2684,2012-05-08,1051,90
2685,2012-05-09,1709,137
2686,2012-05-10,1368,108
2687,2012-05-11,30,19
2688,2012-05-12,101,11
2689,2012-05-13,469,55
2690,2012-05-14,1259,126
2691,2012-05-15,7, -   
2692,2012-05-16,65,34
2693,2012-05-17,383,54
2694,2012-05-18,6,6
2695,2012-05-19,114,39
2696,2012-05-20,24,9
2697,2012-05-21,40,29
2698,2012-05-22,12,6
2699,2012-05-23,121,78
2700,2012-05-24,1,1
2701,2012-05-25,1461,76
2702,2012-05-26,112,47
2703,2012-05-27,12,4
2704,2012-05-28,61,32
2705,2012-05-29,22,6
2706,2012-05-30,1,1
2707,2012-05-31,1,1
2708,2012-06-01,88,1
2709,2012-06-02,1843,109
2710,2012-06-03,117,37
2711,2012-06-04,121,59
2712,2012-06-05,243,92
2713,2012-06-06,735,48
2714,2012-06-07,32,23
2715,2012-06-08,868,78
2716,2012-06-09,398,77
2717,2012-06-10,272,113
2718,2012-06-11,1178,122
2719,2012-06-12,731,223
2720,2012-06-13,196,68
2721,2012-06-14,1780,148
2722,2012-06-15,81,40
2723,2012-06-16,234,63
2724,2012-06-17,1427,117
2725,2012-06-18,262,120
2726,2012-06-19,23,18
2727,2012-06-20,8,4
2728,2012-06-21,393,141
2729,2012-06-22,2637,705
2730,2012-06-23,705,65
2731,2012-06-24,893,85
2732,2012-06-25,920,106
2733,2012-06-26,320,160
2734,2012-06-27,530,52
2735,2012-06-28,124,49
2736,2012-06-29,1136,82
2737,2012-06-30,1528,157
2738,2012-07-01,882,119
2739,2012-07-02,1233,106
2740,2012-07-03,12,12
2741,2012-07-04,1664,153
2742,2012-07-05,1224,138
2743,2012-07-06,83,37
2744,2012-07-07,110,15
2745,2012-07-08,409,57
2746,2012-07-09,3, -   
2747,2012-07-10,772,133
2748,2012-07-11,9, -   
2749,2012-07-12,171,80
2750,2012-07-13,642,69
2751,2012-07-14,14,9
2752,2012-07-15,438,94
2753,2012-07-16,60,19
2754,2012-07-17,92,53
2755,2012-07-18,42,20
2756,2012-07-19,160,74
2757,2012-07-20,2,2
2758,2012-07-21,968,79
2759,2012-07-22,228,85
2760,2012-07-23,30,10
2761,2012-07-24,15,15
2762,2012-07-25,132,60
2763,2012-07-26,21,9
2764,2012-07-27,8,5
2765,2012-07-28,3,3
2766,2012-07-29,86,1
2767,2012-07-30,1224,109
2768,2012-07-31,210,64
2769,2012-08-01,375,107
2770,2012-08-02,507,154
2771,2012-08-03,723,46
2772,2012-08-04,70,42
2773,2012-08-05,703,70
2774,2012-08-06,543,85
2775,2012-08-07,457,154
2776,2012-08-08,891,113
2777,2012-08-09,1300,253
2778,2012-08-10,191,74
2779,2012-08-11,1895,148
2780,2012-08-12,251,84
2781,2012-08-13,345,82
2782,2012-08-14,7,5
2783,2012-08-15,1778,120
2784,2012-08-16,558,147
2785,2012-08-17,48,31
2786,2012-08-18,15,8
2787,2012-08-19,453,152
2788,2012-08-20,1893,601
2789,2012-08-21,760,66
2790,2012-08-22,756,81
2791,2012-08-23,928,116
2792,2012-08-24,741,236
2793,2012-08-25,400,50
2794,2012-08-26,249,83
2795,2012-08-27,1125,81
2796,2012-08-28,1361,157
2797,2012-08-29,790,124
2798,2012-08-30,925,104
2799,2012-08-31,8,7
2800,2012-09-01,1462,142
2801,2012-09-02,1558,148
2802,2012-09-03,203,67
2803,2012-09-04,107,15
2804,2012-09-05,441,58
2805,2012-09-06,6, -   
2806,2012-09-07,816,132
2807,2012-09-08,8, -   
2808,2012-09-09,456,135
2809,2012-09-10,814,99
2810,2012-09-11,77,36
2811,2012-09-12,494,91
2812,2012-09-13,110,35
2813,2012-09-14,242,89
2814,2012-09-15,84,27
2815,2012-09-16,161,90
2816,2012-09-17,11,8
2817,2012-09-18,962,79
2818,2012-09-19,270,105
2819,2012-09-20,40,12
2820,2012-09-21,12,12
2821,2012-09-22,238,80
2822,2012-09-23,8,4
2823,2012-09-24,21,8
2824,2012-09-25,12,11
2825,2012-09-26,145,1
2826,2012-09-27,1300,108
2827,2012-09-28,277,75
2828,2012-09-29,463,115
2829,2012-09-30,692,171
2830,2012-10-01,944,50
2831,2012-10-02,87,58
2832,2012-10-03,757,79
2833,2012-10-04,549,88
2834,2012-10-05,578,170
2835,2012-10-06,850,107
2836,2012-10-07,1279,264
2837,2012-10-08,231,80
2838,2012-10-09,1947,157
2839,2012-10-10,308,78
2840,2012-10-11,462,91
2841,2012-10-12,7,2
2842,2012-10-13,1369,120
2843,2012-10-14,659,160
2844,2012-10-15,43,32
2845,2012-10-16,18,9
2846,2012-10-17,495,162
2847,2012-10-18,2747,723
2848,2012-10-19,626,65
2849,2012-10-20,738,81
2850,2012-10-21,846,114
2851,2012-10-22,860,259
2852,2012-10-23,504,55
2853,2012-10-24,282,76
2854,2012-10-25,1266,87
2855,2012-10-26,1433,163
2856,2012-10-27,811,129
2857,2012-10-28,1121,110
2858,2012-10-29,22,14
2859,2012-10-30,1698,151
2860,2012-10-31,1630,160
2861,2012-11-01,188,58
2862,2012-11-02,77,12
2863,2012-11-03,404,56
2864,2012-11-04,8, -   
2865,2012-11-05,757,131
2866,2012-11-06,7, -   
2867,2012-11-07,459,146
2868,2012-11-08,1062,106
2869,2012-11-09,94,36
2870,2012-11-10,498,94
2871,2012-11-11,124,36
2872,2012-11-12,210,73
2873,2012-11-13,80,28
2874,2012-11-14,142,87
2875,2012-11-15,16,12
2876,2012-11-16,849,82
2877,2012-11-17,321,111
2878,2012-11-18,50,14
2879,2012-11-19,11,11
2880,2012-11-20,252,92
2881,2012-11-21,14,5
2882,2012-11-22,13,6
2883,2012-11-23,13,12
2884,2012-11-24,135,1
2885,2012-11-25,1216,114
2886,2012-11-26,299,75
2887,2012-11-27,466,104
2888,2012-11-28,689,174
2889,2012-11-29,1000,49
2890,2012-11-30,120,58
2891,2012-12-01,848,82
2892,2012-12-02,615,89
2893,2012-12-03,698,176
2894,2012-12-04,932,93
2895,2012-12-05,1404,259
2896,2012-12-06,274,84
2897,2012-12-07,2102,156
2898,2012-12-08,296,77
2899,2012-12-09,451,90
2900,2012-12-10,10,3
2901,2012-12-11,1617,126
2902,2012-12-12,687,166
2903,2012-12-13,42,27
2904,2012-12-14,18,7
2905,2012-12-15,531,179
2906,2012-12-16,2951,684
2907,2012-12-17,746,69
2908,2012-12-18,818,85
2909,2012-12-19,1044,118
2910,2012-12-20,975,258
2911,2012-12-21,550,61
2912,2012-12-22,300,78
2913,2012-12-23,1460,91
2914,2012-12-24,1641,169
2915,2012-12-25,922,130
2916,2012-12-26,1335,117
2917,2012-12-27,32,20
2918,2012-12-28,1874,157
2919,2012-12-29,1834,161
2920,2012-12-30,220,64
2921,2012-12-31,131,16
2922,2013-01-01,513,63
2923,2013-01-02,16, -   
2924,2013-01-03,882,137
2925,2013-01-04,8, -   
2926,2013-01-05,395,134
2927,2013-01-06,1093,108
2928,2013-01-07,77,34
2929,2013-01-08,275,56
2930,2013-01-09,148,37
2931,2013-01-10,246,80
2932,2013-01-11,96,29
2933,2013-01-12,160,90
2934,2013-01-13,14,10
2935,2013-01-14,999,87
2936,2013-01-15,306,104
2937,2013-01-16,48,11
2938,2013-01-17,15,15
2939,2013-01-18,284,96
2940,2013-01-19,7,6
2941,2013-01-20,18,6
2942,2013-01-21,23,17
2943,2013-01-22,169,1
2944,2013-01-23,1254,117
2945,2013-01-24,292,73
2946,2013-01-25,351,104
2947,2013-01-26,502,154
2948,2013-01-27,1852,54
2949,2013-01-28,167,73
2950,2013-01-29,1200,82
2951,2013-01-30,682,91
2952,2013-01-31,473,156
2953,2013-02-01,1102,115
2954,2013-02-02,1188,258
2955,2013-02-03,190,70
2956,2013-02-04,2404,154
2957,2013-02-05,270,74
2958,2013-02-06,349,80
2959,2013-02-07,8,2
2960,2013-02-08,2362,131
2961,2013-02-09,533,146
2962,2013-02-10,45,30
2963,2013-02-11,26,7
2964,2013-02-12,395,136
2965,2013-02-13,2868,736
2966,2013-02-14,910,70
2967,2013-02-15,1095,86
2968,2013-02-16,1315,124
2969,2013-02-17,718,246
2970,2013-02-18,711,62
2971,2013-02-19,232,71
2972,2013-02-20,1492,90
2973,2013-02-21,1926,176
2974,2013-02-22,1123,135
2975,2013-02-23,1174,118
2976,2013-02-24,24,17
2977,2013-02-25,2061,161
2978,2013-02-26,2144,168
2979,2013-02-27,161,56
2980,2013-02-28,144,16
2981,2013-03-01,537,62
2982,2013-03-02,7, -   
2983,2013-03-03,1192,141
2984,2013-03-04,15, -   
2985,2013-03-05,291,115
2986,2013-03-06,852,103
2987,2013-03-07,43,23
2988,2013-03-08,443,89
2989,2013-03-09,160,36
2990,2013-03-10,174,76
2991,2013-03-11,69,25
2992,2013-03-12,110,68
2993,2013-03-13,8,8
2994,2013-03-14,1527,94
2995,2013-03-15,257,87
2996,2013-03-16,34,9
2997,2013-03-17,5,5
2998,2013-03-18,236,89
2999,2013-03-19,22,6
3000,2013-03-20,18,5
3001,2013-03-21,14,10
3002,2013-03-22,192,1
3003,2013-03-23,1858,116
3004,2013-03-24,261,64
3005,2013-03-25,105,51
3006,2013-03-26,156,72
3007,2013-03-27,1438,49
3008,2013-03-28,26,20
3009,2013-03-29,1167,77
3010,2013-03-30,354,71
3011,2013-03-31,154,67
3012,2013-04-01,731,108
3013,2013-04-02,425,129
3014,2013-04-03,94,44
3015,2013-04-04,1967,147
3016,2013-04-05,87,35
3017,2013-04-06,140,36
3018,2013-04-07,2,2
3019,2013-04-08,2082,121
3020,2013-04-09,215,87
3021,2013-04-10,35,22
3022,2013-04-11,2,2
3023,2013-04-12,151,67
3024,2013-04-13,1695,557
3025,2013-04-14,582,70
3026,2013-04-15,956,84
3027,2013-04-16,1053,118
3028,2013-04-17,187,101
3029,2013-04-18,469,55
3030,2013-04-19,83,32
3031,2013-04-20,1169,91
3032,2013-04-21,1333,159
3033,2013-04-22,867,124
3034,2013-04-23,423,77
3035,2013-04-24,32,21
3036,2013-04-25,1438,154
3037,2013-04-26,1428,128
3038,2013-04-27,39,22
3039,2013-04-28,113,16
3040,2013-04-29,401,55
3041,2013-04-30,2, -   
3042,2013-05-01,1375,134
3043,2013-05-02,7, -   
3044,2013-05-03,74,42
3045,2013-05-04,772,77
3046,2013-05-05,7,7
3047,2013-05-06,203,63
3048,2013-05-07,84,22
3049,2013-05-08,44,28
3050,2013-05-09,15,6
3051,2013-05-10,41,29
3052,2013-05-11,7,7
3053,2013-05-12,1526,89
3054,2013-05-13,103,55
3055,2013-05-14,12,5
3056,2013-05-15,13,13
3057,2013-05-16,70,36
3058,2013-05-17,23,7
3059,2013-05-18,2,2
3060,2013-05-19,1,1
3061,2013-05-20,72,1
3062,2013-05-21,2128,118
3063,2013-05-22,121,46
3064,2013-05-23,123,47
3065,2013-05-24,187,74
3066,2013-05-25,1402,39
3067,2013-05-26,19,15
3068,2013-05-27,924,69
3069,2013-05-28,321,64
3070,2013-05-29,271,97
3071,2013-05-30,888,102
3072,2013-05-31,444,136
3073,2013-06-01,85,41
3074,2013-06-02,2130,133
3075,2013-06-03,76,35
3076,2013-06-04,106,29
3077,2013-06-05,2176,109
3078,2013-06-06,167,68
3079,2013-06-07,12,11
3080,2013-06-08,2,1
3081,2013-06-09,261,90
3082,2013-06-10,1891,572
3083,2013-06-11,866,65
3084,2013-06-12,883,80
3085,2013-06-13,1079,105
3086,2013-06-14,223,108
3087,2013-06-15,448,49
3088,2013-06-16,82,39
3089,2013-06-17,1026,77
3090,2013-06-18,1507,140
3091,2013-06-19,838,116
3092,2013-06-20,817,87
3093,2013-06-21,1612,139
3094,2013-06-22,1183,115
3095,2013-06-23,55,23
3096,2013-06-24,74,9
3097,2013-06-25,364,54
3098,2013-06-26,3, -   
3099,2013-06-27,1021,110
3100,2013-06-28,7, -   
3101,2013-06-29,120,54
3102,2013-06-30,430,52
3103,2013-07-01,6,6
3104,2013-07-02,75,33
3105,2013-07-03,62,18
3106,2013-07-04,74,38
3107,2013-07-05,34,13
3108,2013-07-06,62,39
3109,2013-07-07,4,4
3110,2013-07-08,1210,80
3111,2013-07-09,152,58
3112,2013-07-10,24,7
3113,2013-07-11,86,42
3114,2013-07-12,13,4
3115,2013-07-13,9,3
3116,2013-07-14,8,5
3117,2013-07-15,82,1
3118,2013-07-16,1552,104
3119,2013-07-17,147,46
3120,2013-07-18,410,108
3121,2013-07-19,581,164
3122,2013-07-20,1725,51
3123,2013-07-21,98,55
3124,2013-07-22,947,74
3125,2013-07-23,617,89
3126,2013-07-24,554,157
3127,2013-07-25,1121,125
3128,2013-07-26,1367,278
3129,2013-07-27,285,81
3130,2013-07-28,2140,146
3131,2013-07-29,304,92
3132,2013-07-30,446,85
3133,2013-07-31,8,3
3134,2013-08-01,2030,126
3135,2013-08-02,605,164
3136,2013-08-03,33,23
3137,2013-08-04,22,8
3138,2013-08-05,544,164
3139,2013-08-06,2584,720
3140,2013-08-07,729,64
3141,2013-08-08,842,82
3142,2013-08-09,1059,117
3143,2013-08-10,873,251
3144,2013-08-11,493,61
3145,2013-08-12,272,85
3146,2013-08-13,1239,90
3147,2013-08-14,1375,162
3148,2013-08-15,877,130
3149,2013-08-16,1299,126
3150,2013-08-17,28,28
3151,2013-08-18,1661,154
3152,2013-08-19,1934,155
3153,2013-08-20,216,70
3154,2013-08-21,107,13
3155,2013-08-22,481,60
3156,2013-08-23,8, -   
3157,2013-08-24,900,128
3158,2013-08-25,9, -   
3159,2013-08-26,437,134
3160,2013-08-27,1005,100
3161,2013-08-28,79,31
3162,2013-08-29,526,95
3163,2013-08-30,126,35
3164,2013-08-31,214,84
3165,2013-09-01,89,28
3166,2013-09-02,184,86
3167,2013-09-03,10,9
3168,2013-09-04,1197,95
3169,2013-09-05,314,97
3170,2013-09-06,44,11
3171,2013-09-07,14,14
3172,2013-09-08,239,86
3173,2013-09-09,14,7
3174,2013-09-10,20,7
3175,2013-09-11,16,11
3176,2013-09-12,186,1
3177,2013-09-13,1538,114
3178,2013-09-14,318,69
3179,2013-09-15,476,113
3180,2013-09-16,707,175
3181,2013-09-17,1545,53
3182,2013-09-18,126,59
3183,2013-09-19,893,78
3184,2013-09-20,642,90
3185,2013-09-21,601,166
3186,2013-09-22,1053,121
3187,2013-09-23,1532,289
3188,2013-09-24,272,83
3189,2013-09-25,2044,146
3190,2013-09-26,384,100
3191,2013-09-27,477,92
3192,2013-09-28,9,3
3193,2013-09-29,1831,122
3194,2013-09-30,706,175
3195,2013-10-01,43,28
3196,2013-10-02,21,7
3197,2013-10-03,574,176
3198,2013-10-04,2479,692
3199,2013-10-05,907,68
3200,2013-10-06,787,84
3201,2013-10-07,1037,120
3202,2013-10-08,967,265
3203,2013-10-09,481,59
3204,2013-10-10,340,89
3205,2013-10-11,1322,90
3206,2013-10-12,1362,167
3207,2013-10-13,897,132
3208,2013-10-14,1362,125
3209,2013-10-15,25,20
3210,2013-10-16,1593,153
3211,2013-10-17,1921,168
3212,2013-10-18,279,80
3213,2013-10-19,126,15
3214,2013-10-20,464,59
3215,2013-10-21,6, -   
3216,2013-10-22,993,127
3217,2013-10-23,7, -   
3218,2013-10-24,526,144
3219,2013-10-25,1101,111
3220,2013-10-26,74,30
3221,2013-10-27,554,98
3222,2013-10-28,146,35
3223,2013-10-29,260,92
3224,2013-10-30,85,28
3225,2013-10-31,215,102
3226,2013-11-01,19,14
3227,2013-11-02,1180,92
3228,2013-11-03,359,113
3229,2013-11-04,30,9
3230,2013-11-05,8,8
3231,2013-11-06,296,95
3232,2013-11-07,9,5
3233,2013-11-08,26,8
3234,2013-11-09,18,14
3235,2013-11-10,176,1
3236,2013-11-11,1428,110
3237,2013-11-12,334,75
3238,2013-11-13,459,120
3239,2013-11-14,716,173
3240,2013-11-15,1562,52
3241,2013-11-16,107,60
3242,2013-11-17,898,77
3243,2013-11-18,592,86
3244,2013-11-19,702,169
3245,2013-11-20,1079,117
3246,2013-11-21,1655,301
3247,2013-11-22,317,86
3248,2013-11-23,1991,150
3249,2013-11-24,394,98
3250,2013-11-25,508,92
3251,2013-11-26,7,2
3252,2013-11-27,1710,125
3253,2013-11-28,736,171
3254,2013-11-29,66,35
3255,2013-11-30,34,9
3256,2013-12-01,555,170
3257,2013-12-02,2572,741
3258,2013-12-03,661,68
3259,2013-12-04,737,83
3260,2013-12-05,954,119
3261,2013-12-06,1007,268
3262,2013-12-07,449,55
3263,2013-12-08,354,91
3264,2013-12-09,1226,89
3265,2013-12-10,1351,164
3266,2013-12-11,893,129
3267,2013-12-12,1258,123
3268,2013-12-13,21,21
3269,2013-12-14,1600,155
3270,2013-12-15,1858,163
3271,2013-12-16,263,79
3272,2013-12-17,109,15
3273,2013-12-18,461,62
3274,2013-12-19,3, -   
3275,2013-12-20,904,123
3276,2013-12-21,8, -   
3277,2013-12-22,477,146
3278,2013-12-23,1131,112
3279,2013-12-24,73,36
3280,2013-12-25,616,98
3281,2013-12-26,154,39
3282,2013-12-27,250,92
3283,2013-12-28,107,30
3284,2013-12-29,209,97
3285,2013-12-30,13,11
3286,2013-12-31,1050,88
3287,2014-01-01,345,109
3288,2014-01-02,38,11
3289,2014-01-03,15,15
3290,2014-01-04,285,93
3291,2014-01-05,16,7
3292,2014-01-06,28,7
3293,2014-01-07,20,14
3294,2014-01-08,152,1
3295,2014-01-09,1315,116
3296,2014-01-10,316,84
3297,2014-01-11,501,119
3298,2014-01-12,750,179
3299,2014-01-13,1696,54
3300,2014-01-14,129,66
3301,2014-01-15,849,75
3302,2014-01-16,603,90
3303,2014-01-17,643,175
3304,2014-01-18,995,125
3305,2014-01-19,1697,306
3306,2014-01-20,315,82
3307,2014-01-21,1957,149
3308,2014-01-22,368,104
3309,2014-01-23,440,89
3310,2014-01-24,11,4
3311,2014-01-25,1773,133
3312,2014-01-26,733,182
3313,2014-01-27,51,34
3314,2014-01-28,16,6
3315,2014-01-29,515,166
3316,2014-01-30,2805,746
3317,2014-01-31,751,67
3318,2014-02-01,817,86
3319,2014-02-02,1029,117
3320,2014-02-03,1079,280
3321,2014-02-04,473,58
3322,2014-02-05,322,92
3323,2014-02-06,1341,87
3324,2014-02-07,1325,155
3325,2014-02-08,904,127
3326,2014-02-09,1251,128
3327,2014-02-10,21,20
3328,2014-02-11,1642,158
3329,2014-02-12,1920,168
3330,2014-02-13,258,82
3331,2014-02-14,106,15
3332,2014-02-15,470,63
3333,2014-02-16,12, -   
3334,2014-02-17,990,134
3335,2014-02-18,7, -   
3336,2014-02-19,442,137
3337,2014-02-20,1109,114
3338,2014-02-21,70,35
3339,2014-02-22,620,98
3340,2014-02-23,160,39
3341,2014-02-24,303,94
3342,2014-02-25,112,32
3343,2014-02-26,206,97
3344,2014-02-27,13,11
3345,2014-02-28,1139,89
3346,2014-03-01,333,110
3347,2014-03-02,52,11
3348,2014-03-03,9,9
3349,2014-03-04,318,99
3350,2014-03-05,12,5
3351,2014-03-06,19,7
3352,2014-03-07,20,15
3353,2014-03-08,192,1
3354,2014-03-09,1481,116
3355,2014-03-10,315,77
3356,2014-03-11,357,112
3357,2014-03-12,525,160
3358,2014-03-13,1787,49
3359,2014-03-14,94,47
3360,2014-03-15,1183,84
3361,2014-03-16,587,90
3362,2014-03-17,488,154
3363,2014-03-18,981,125
3364,2014-03-19,1131,282
3365,2014-03-20,363,83
3366,2014-03-21,2213,144
3367,2014-03-22,359,108
3368,2014-03-23,347,83
3369,2014-03-24,7,2
3370,2014-03-25,2473,132
3371,2014-03-26,535,163
3372,2014-03-27,44,30
3373,2014-03-28,24,8
3374,2014-03-29,436,143
3375,2014-03-30,2687,751
3376,2014-03-31,927,68
3377,2014-04-01,1033,90
3378,2014-04-02,1216,122
3379,2014-04-03,687,245
3380,2014-04-04,529,60
3381,2014-04-05,256,83
3382,2014-04-06,1389,86
3383,2014-04-07,1368,162
3384,2014-04-08,941,126
3385,2014-04-09,915,117
3386,2014-04-10,8,8
3387,2014-04-11,1605,154
3388,2014-04-12,2452,170
3389,2014-04-13,192,65
3390,2014-04-14,102,15
3391,2014-04-15,502,58
3392,2014-04-16,6, -   
3393,2014-04-17,1359,132
3394,2014-04-18,12, -   
3395,2014-04-19,324,118
3396,2014-04-20,964,105
3397,2014-04-21,2, -   
3398,2014-04-22,39,27
3399,2014-04-23,605,95
3400,2014-04-24,172,38
3401,2014-04-25,186,78
3402,2014-04-26,71,26
3403,2014-04-27,126,67
3404,2014-04-28,7,7
3405,2014-04-29,1641,94
3406,2014-04-30,241,89
3407,2014-05-01,36,12
3408,2014-05-02,10,10
3409,2014-05-03,212,85
3410,2014-05-04,18,7
3411,2014-05-05,18,8
3412,2014-05-06,9,7
3413,2014-05-07,182,1
3414,2014-05-08,2144,114
3415,2014-05-09,233,67
3416,2014-05-10,125,61
3417,2014-05-11,188,84
3418,2014-05-12,1741,45
3419,2014-05-13,37,22
3420,2014-05-14,1333,79
3421,2014-05-15,384,78
3422,2014-05-16,166,81
3423,2014-05-17,1056,118
3424,2014-05-18,441,141
3425,2014-05-19,135,58
3426,2014-05-20,2475,150
3427,2014-05-21,90,44
3428,2014-05-22,149,30
3429,2014-05-23,1,1
3430,2014-05-24,2136,134
3431,2014-05-25,188,83
3432,2014-05-26,3,3
3433,2014-05-27,164,75
3434,2014-05-28,1701,606
3435,2014-05-29,924,70
3436,2014-05-30,1105,88
3437,2014-05-31,1189,111
3438,2014-06-01,219,114
3439,2014-06-02,559,59
3440,2014-06-03,100,39
3441,2014-06-04,1278,86
3442,2014-06-05,1475,153
3443,2014-06-06,1030,128
3444,2014-06-07,547,83
3445,2014-06-08,9,8
3446,2014-06-09,1867,155
3447,2014-06-10,1602,143
3448,2014-06-11,108,13
3449,2014-06-12,483,61
3450,2014-06-13,1351,132
3451,2014-06-14,7, -   
3452,2014-06-15,104,57
3453,2014-06-16,694,67
3454,2014-06-17,4,3
3455,2014-06-18,332,78
3456,2014-06-19,39,26
3457,2014-06-20,21,11
3458,2014-06-21,76,50
3459,2014-06-22,3,3
3460,2014-06-23,1724,90
3461,2014-06-24,14,6
3462,2014-06-25,27,27
3463,2014-06-26,72,44
3464,2014-06-27,16,8
3465,2014-06-28,10,6
3466,2014-06-29,1,1
3467,2014-06-30,102,1
3468,2014-07-01,2430,119
3469,2014-07-02,104,42
3470,2014-07-03,386,33
3471,2014-07-04,422,38
3472,2014-07-05,21,15
3473,2014-07-06,760,71
3474,2014-07-07,252,52
3475,2014-07-08,639,95
3476,2014-07-09,1576,444
3477,2014-07-10,106,55
3478,2014-07-11,21,14
3479,2014-07-12,183,68
3480,2014-07-13,18,11
3481,2014-07-14,1835,123
3482,2014-07-15,90,37
3483,2014-07-16,40,16
3484,2014-07-17,22,15
3485,2014-07-18,74,21
3486,2014-07-19,649,59
3487,2014-07-20,19,12
3488,2014-07-21,386,57
3489,2014-07-22,1235,61
3490,2014-07-23,317,38
3491,2014-07-24,682,62
3492,2014-07-25,205,95
3493,2014-07-26,333,43
3494,2014-07-27,810,73
3495,2014-07-28,656,106
3496,2014-07-29,610,76
3497,2014-07-30,14,10
3498,2014-07-31,1076,128
3499,2014-08-01,865,128
3500,2014-08-02,112,29
3501,2014-08-03,432,68
3502,2014-08-04,1, -   
3503,2014-08-05,436,49
3504,2014-08-06,72,12
3505,2014-08-07,30,7
3506,2014-08-08,1052,100
3507,2014-08-09,1110,131
3508,2014-08-10,13,10
3509,2014-08-11,9,3
3510,2014-08-12,100,37
3511,2014-08-13,35,20
3512,2014-08-14,25,12
3513,2014-08-15,116,40
3514,2014-08-16,57,21
3515,2014-08-17,1,1
3516,2014-08-18,315,25
3517,2014-08-19,1, -   
3518,2014-08-20,66,32
3519,2014-08-21,1, -   
3520,2014-08-22,83,20
3521,2014-08-23,382,32
3522,2014-08-24,11,5
3523,2014-08-25,1, -   
3524,2014-08-26,4,3
3525,2014-08-27,1962,105
3526,2014-08-28,374,39
3527,2014-08-29,366,41
3528,2014-08-30,90,49
3529,2014-08-31,729,71
3530,2014-09-01,534,81
3531,2014-09-02,1012,116
3532,2014-09-03,2646,576
3533,2014-09-04,334,134
3534,2014-09-05,169,48
3535,2014-09-06,229,76
3536,2014-09-07,93,37
3537,2014-09-08,2008,135
3538,2014-09-09,413,115
3539,2014-09-10,208,52
3540,2014-09-11,47,31
3541,2014-09-12,160,42
3542,2014-09-13,838,67
3543,2014-09-14,121,38
3544,2014-09-15,217,53
3545,2014-09-16,748,62
3546,2014-09-17,389,41
3547,2014-09-18,905,69
3548,2014-09-19,769,244
3549,2014-09-20,372,51
3550,2014-09-21,1112,83
3551,2014-09-22,796,120
3552,2014-09-23,1059,114
3553,2014-09-24,62,26
3554,2014-09-25,1435,137
3555,2014-09-26,1004,138
3556,2014-09-27,103,51
3557,2014-09-28,328,69
3558,2014-09-29,1,1
3559,2014-09-30,580,57
3560,2014-10-01,81,12
3561,2014-10-02,44,7
3562,2014-10-03,993,116
3563,2014-10-04,1130,138
3564,2014-10-05,27,16
3565,2014-10-06,206,58
3566,2014-10-07,536,88
3567,2014-10-08,50,28
3568,2014-10-09,175,52
3569,2014-10-10,280,68
3570,2014-10-11,185,54
3571,2014-10-12,14,7
3572,2014-10-13,329,26
3573,2014-10-14,5,2
3574,2014-10-15,226,84
3575,2014-10-16,3,2
3576,2014-10-17,156,37
3577,2014-10-18,365,32
3578,2014-10-19,11,7
3579,2014-10-20,1,1
3580,2014-10-21,8,4
3581,2014-10-22,1660,112
3582,2014-10-23,1, -   
3583,2014-10-24,384,44
3584,2014-10-25,468,48
3585,2014-10-26,110,55
3586,2014-10-27,766,72
3587,2014-10-28,568,82
3588,2014-10-29,880,109
3589,2014-10-30,2345,584
3590,2014-10-31,356,137
3591,2014-11-01,188,44
3592,2014-11-02,263,82
3593,2014-11-03,96,42
3594,2014-11-04,2040,132
3595,2014-11-05,458,112
3596,2014-11-06,230,55
3597,2014-11-07,45,32
3598,2014-11-08,201,43
3599,2014-11-09,809,66
3600,2014-11-10,170,34
3601,2014-11-11,281,62
3602,2014-11-12,920,65
3603,2014-11-13,393,46
3604,2014-11-14,901,66
3605,2014-11-15,817,238
3606,2014-11-16,366,56
3607,2014-11-17,1221,84
3608,2014-11-18,706,121
3609,2014-11-19,1076,120
3610,2014-11-20,24,18
3611,2014-11-21,1385,146
3612,2014-11-22,993,148
3613,2014-11-23,118,49
3614,2014-11-24,285,68
3615,2014-11-25,1,1
3616,2014-11-26,566,66
3617,2014-11-27,107,15
3618,2014-11-28,41,7
3619,2014-11-29,895,113
3620,2014-11-30,1038,137
3621,2014-12-01,31,17
3622,2014-12-02,222,56
3623,2014-12-03,552,93
3624,2014-12-04,51,32
3625,2014-12-05,170,57
3626,2014-12-06,303,75
3627,2014-12-07,222,59
3628,2014-12-08,16,12
3629,2014-12-09,357,30
3630,2014-12-10,6,2
3631,2014-12-11,265,83
3632,2014-12-12,3,2
3633,2014-12-13,173,39
3634,2014-12-14,345,33
3635,2014-12-15,11,6
3636,2014-12-16,2,2
3637,2014-12-17,14,6
3638,2014-12-18,1671,111
3639,2014-12-19,2, -   
3640,2014-12-20,401,42
3641,2014-12-21,405,47
3642,2014-12-22,125,61
3643,2014-12-23,750,77
3644,2014-12-24,515,76
3645,2014-12-25,931,112
3646,2014-12-26,2688,617
3647,2014-12-27,441,141
3648,2014-12-28,173,40
3649,2014-12-29,297,85
3650,2014-12-30,120,44
3651,2014-12-31,2049,147
3652,2015-01-01,547,123
3653,2015-01-02,232,60
3654,2015-01-03,66,38
3655,2015-01-04,215,42
3656,2015-01-05,888,69
3657,2015-01-06,184,41
3658,2015-01-07,287,58
3659,2015-01-08,667,68
3660,2015-01-09,371,48
3661,2015-01-10,1000,68
3662,2015-01-11,1040,249
3663,2015-01-12,412,52
3664,2015-01-13,1280,87
3665,2015-01-14,812,123
3666,2015-01-15,1147,122
3667,2015-01-16,11,11
3668,2015-01-17,1604,148
3669,2015-01-18,1048,145
3670,2015-01-19,30,24
3671,2015-01-20,282,69
3672,2015-01-21,1,1
3673,2015-01-22,588,64
3674,2015-01-23,102,14
3675,2015-01-24,37,7
3676,2015-01-25,885,110
3677,2015-01-26,1135,142
3678,2015-01-27,35,19
3679,2015-01-28,259,59
3680,2015-01-29,674,94
3681,2015-01-30,75,36
3682,2015-01-31,209,55
3683,2015-02-01,408,98
3684,2015-02-02,311,73
3685,2015-02-03,21,13
3686,2015-02-04,314,30
3687,2015-02-05,4,2
3688,2015-02-06,311,100
3689,2015-02-07,1,1
3690,2015-02-08,203,43
3691,2015-02-09,296,29
3692,2015-02-10,10,5
3693,2015-02-11,2,2
3694,2015-02-12,12,4
3695,2015-02-13,1590,116
3696,2015-02-14,2, -   
3697,2015-02-15,298,40
3698,2015-02-16,364,42
3699,2015-02-17,68,36
3700,2015-02-18,655,71
3701,2015-02-19,388,71
3702,2015-02-20,603,83
3703,2015-02-21,1224,355
3704,2015-02-22,251,104
3705,2015-02-23,128,36
3706,2015-02-24,210,65
3707,2015-02-25,72,28
3708,2015-02-26,1795,119
3709,2015-02-27,254,79
3710,2015-02-28,197,49
3711,2015-03-01,27,20
3712,2015-03-02,135,35
3713,2015-03-03,535,55
3714,2015-03-04,152,29
3715,2015-03-05,251,53
3716,2015-03-06,810,53
3717,2015-03-07,305,38
3718,2015-03-08,696,62
3719,2015-03-09,463,144
3720,2015-03-10,224,43
3721,2015-03-11,854,78
3722,2015-03-12,648,108
3723,2015-03-13,755,110
3724,2015-03-14,10,8
3725,2015-03-15,1001,120
3726,2015-03-16,796,134
3727,2015-03-17,87,41
3728,2015-03-18,291,59
3729,2015-03-19,526,58
3730,2015-03-20,97,14
3731,2015-03-21,33,7
3732,2015-03-22,851,104
3733,2015-03-23,926,123
3734,2015-03-24,31,16
3735,2015-03-25,227,52
3736,2015-03-26,491,74
3737,2015-03-27,38,24
3738,2015-03-28,88,32
3739,2015-03-29,356,95
3740,2015-03-30,151,49
3741,2015-03-31,19,11
3742,2015-04-01,256,18
3743,2015-04-02,1,1
3744,2015-04-03,194,60
3745,2015-04-04,106,30
3746,2015-04-05,328,29
3747,2015-04-06,8,2
3748,2015-04-07,1,1
3749,2015-04-08,10,5
3750,2015-04-09,1761,92
3751,2015-04-10,2, -   
3752,2015-04-11,542,45
3753,2015-04-12,416,50
3754,2015-04-13,81,45
3755,2015-04-14,965,79
3756,2015-04-15,568,78
3757,2015-04-16,977,110
3758,2015-04-17,2585,607
3759,2015-04-18,311,122
3760,2015-04-19,104,36
3761,2015-04-20,279,72
3762,2015-04-21,58,31
3763,2015-04-22,2044,139
3764,2015-04-23,378,99
3765,2015-04-24,184,53
3766,2015-04-25,42,28
3767,2015-04-26,157,39
3768,2015-04-27,814,67
3769,2015-04-28,132,39
3770,2015-04-29,398,69
3771,2015-04-30,990,63
3772,2015-05-01,418,47
3773,2015-05-02,1035,69
3774,2015-05-03,654,226
3775,2015-05-04,439,57
3776,2015-05-05,1143,85
3777,2015-05-06,826,121
3778,2015-05-07,959,118
3779,2015-05-08,46,24
3780,2015-05-09,1423,148
3781,2015-05-10,964,149
3782,2015-05-11,87,39
3783,2015-05-12,369,68
3784,2015-05-13,673,64
3785,2015-05-14,131,16
3786,2015-05-15,33,7
3787,2015-05-16,968,110
3788,2015-05-17,1164,137
3789,2015-05-18,29,15
3790,2015-05-19,157,44
3791,2015-05-20,629,96
3792,2015-05-21,72,37
3793,2015-05-22,135,41
3794,2015-05-23,264,69
3795,2015-05-24,167,57
3796,2015-05-25,27,14
3797,2015-05-26,364,29
3798,2015-05-27,6,1
3799,2015-05-28,241,87
3800,2015-05-29,4,1
3801,2015-05-30,162,43
3802,2015-05-31,395,31
3803,2015-06-01,17,6
3804,2015-06-02,1,1
3805,2015-06-03,7,3
3806,2015-06-04,2328,113
3807,2015-06-05,2,1
3808,2015-06-06,699,43
3809,2015-06-07,598,49
3810,2015-06-08,28,19
3811,2015-06-09,1170,81
3812,2015-06-10,401,77
3813,2015-06-11,1023,117
3814,2015-06-12,2078,548
3815,2015-06-13,128,68
3816,2015-06-14,66,33
3817,2015-06-15,172,67
3818,2015-06-16,17,15
3819,2015-06-17,2415,140
3820,2015-06-18,98,46
3821,2015-06-19,54,28
3822,2015-06-20,27,22
3823,2015-06-21,52,26
3824,2015-06-22,915,67
3825,2015-06-23,28,16
3826,2015-06-24,518,65
3827,2015-06-25,1079,67
3828,2015-06-26,417,48
3829,2015-06-27,1134,70
3830,2015-06-28,199,107
3831,2015-06-29,550,60
3832,2015-06-30,1288,84
3833,2015-07-01,947,128
3834,2015-07-02,432,75
3835,2015-07-03,32,24
3836,2015-07-04,1822,157
3837,2015-07-05,1151,145
3838,2015-07-06,119,39
3839,2015-07-07,406,68
3840,2015-07-08,799,65
3841,2015-07-09,110,15
3842,2015-07-10,39,8
3843,2015-07-11,1071,111
3844,2015-07-12,1583,147
3845,2015-07-13,17,9
3846,2015-07-14,89,43
3847,2015-07-15,322,84
3848,2015-07-16,24,18
3849,2015-07-17,25,10
3850,2015-07-18,94,30
3851,2015-07-19,62,22
3852,2015-07-20,7,5
3853,2015-07-21,404,29
3854,2015-07-22,78,38
3855,2015-07-23,1,1
3856,2015-07-24,69,25
3857,2015-07-25,447,35
3858,2015-07-26,8,4
3859,2015-07-27,1,1
3860,2015-07-28,2223,117
3861,2015-07-29,649,41
3862,2015-07-30,494,39
3863,2015-07-31,34,24
3864,2015-08-01,994,73
3865,2015-08-02,375,64
3866,2015-08-03,905,106
3867,2015-08-04,1957,552
3868,2015-08-05,145,70
3869,2015-08-06,11,9
3870,2015-08-07,204,66
3871,2015-08-08,18,12
3872,2015-08-09,2331,130
3873,2015-08-10,111,43
3874,2015-08-11,48,21
3875,2015-08-12,20,15
3876,2015-08-13,69,24
3877,2015-08-14,729,58
3878,2015-08-15,24,15
3879,2015-08-16,484,61
3880,2015-08-17,985,68
3881,2015-08-18,366,41
3882,2015-08-19,841,65
3883,2015-08-20,216,120
3884,2015-08-21,453,55
3885,2015-08-22,1114,79
3886,2015-08-23,934,114
3887,2015-08-24,662,84
3888,2015-08-25,1482,133
3889,2015-08-26,970,141
3890,2015-08-27,119,48
3891,2015-08-28,366,66
3892,2015-08-29,584,55
3893,2015-08-30,101,15
3894,2015-08-31,36,7
3895,2015-09-01,1080,106
3896,2015-09-02,1446,131
3897,2015-09-03,14,9
3898,2015-09-04,19,10
3899,2015-09-05,103,43
3900,2015-09-06,30,19
3901,2015-09-07,44,18
3902,2015-09-08,205,57
3903,2015-09-09,53,23
3904,2015-09-10,6,5
3905,2015-09-11,280,22
3906,2015-09-12,55,36
3907,2015-09-13,58,21
3908,2015-09-14,411,33
3909,2015-09-15,7,3
3910,2015-09-16,5,3
3911,2015-09-17,1848,109
3912,2015-09-18,439,41
3913,2015-09-19,522,48
3914,2015-09-20,92,50
3915,2015-09-21,805,83
3916,2015-09-22,556,81
3917,2015-09-23,1040,118
3918,2015-09-24,2633,641
3919,2015-09-25,340,138
3920,2015-09-26,152,45
3921,2015-09-27,208,69
3922,2015-09-28,100,44
3923,2015-09-29,2016,145
3924,2015-09-30,396,120
3925,2015-10-01,214,57
3926,2015-10-02,43,27
3927,2015-10-03,144,41
3928,2015-10-04,787,65
3929,2015-10-05,129,35
3930,2015-10-06,357,67
3931,2015-10-07,701,62
3932,2015-10-08,380,45
3933,2015-10-09,927,67
3934,2015-10-10,772,249
3935,2015-10-11,426,58
3936,2015-10-12,1183,85
3937,2015-10-13,826,126
3938,2015-10-14,1083,120
3939,2015-10-15,14,11
3940,2015-10-16,1372,149
3941,2015-10-17,953,139
3942,2015-10-18,147,48
3943,2015-10-19,234,63
3944,2015-10-20,535,68
3945,2015-10-21,105,16
3946,2015-10-22,24,7
3947,2015-10-23,890,113
3948,2015-10-24,1119,139
3949,2015-10-25,28,18
3950,2015-10-26,191,52
3951,2015-10-27,624,96
3952,2015-10-28,65,32
3953,2015-10-29,198,61
3954,2015-10-30,360,89
3955,2015-10-31,187,60
3956,2015-11-01,27,12
3957,2015-11-02,281,31
3958,2015-11-03,2,1
3959,2015-11-04,212,85
3960,2015-11-05,1,1
3961,2015-11-06,140,39
3962,2015-11-07,326,32
3963,2015-11-08,12,6
3964,2015-11-09,1,1
3965,2015-11-10,8,4
3966,2015-11-11,1637,112
3967,2015-11-12,2, -   
3968,2015-11-13,423,47
3969,2015-11-14,447,50
3970,2015-11-15,93,48
3971,2015-11-16,770,82
3972,2015-11-17,573,82
3973,2015-11-18,1027,118
3974,2015-11-19,2590,632
3975,2015-11-20,414,141
3976,2015-11-21,179,47
3977,2015-11-22,270,78
3978,2015-11-23,115,46
3979,2015-11-24,1922,141
3980,2015-11-25,509,125
3981,2015-11-26,225,55
3982,2015-11-27,62,34
3983,2015-11-28,176,42
3984,2015-11-29,790,67
3985,2015-11-30,177,41
3986,2015-12-01,425,65
3987,2015-12-02,705,60
3988,2015-12-03,363,44
3989,2015-12-04,960,67
3990,2015-12-05,901,255
3991,2015-12-06,407,58
3992,2015-12-07,1191,84
3993,2015-12-08,787,127
3994,2015-12-09,1161,123
3995,2015-12-10,27,24
3996,2015-12-11,1520,155
3997,2015-12-12,1045,153
3998,2015-12-13,129,36
3999,2015-12-14,262,65
4000,2015-12-15,489,63
4001,2015-12-16,99,17
4002,2015-12-17,40,7
4003,2015-12-18,913,113
4004,2015-12-19,1156,146
4005,2015-12-20,33,20
4006,2015-12-21,252,59
4007,2015-12-22,652,97
4008,2015-12-23,61,33
4009,2015-12-24,190,59
4010,2015-12-25,423,102
4011,2015-12-26,204,61
4012,2015-12-27,20,12
4013,2015-12-28,278,29
4014,2015-12-29,1,1
4015,2015-12-30,290,95
4016,2015-12-31,2,1
